trait,demographic_parity_diff,tpr_diff,fpr_diff,precision_with,precision_without,recall_with,recall_without,f1_with,f1_without,n_with
a discernible gap between the stem and the base of the blade,-0.3189699354238451,,-0.09694633028804515,0.0,0.251548516318757,,0.3933129378541301,,0.3068481929752708,512
alternate distally,0.36905351947295206,0.019045427094318113,0.9044195214035867,1.0,0.16361162456356543,0.3823654632152589,0.40141089030957705,0.5532045951522991,0.23247033933082248,23542
base attenuate,-0.204035805153094,,0.06905712144763157,0.0,0.31194096280024697,,0.3933129378541301,,0.3479326137783045,20180
base narrowly attenuate,0.015647006466137814,,0.23710505994904446,0.0,0.25008344939513577,,0.3933129378541301,,0.3057556994089502,9
base obtuse to truncate,-0.3034864432234072,,-0.0743281244371968,0.0,0.2671494792755352,,0.3933129378541301,,0.3181811525225159,5715
base rounded,-0.31901772758816477,,-0.09697206813196026,0.0,0.2516038631678903,,0.3933129378541301,,0.3068893675624139,531
becoming alternate distally,-0.18841022309616387,,0.08089388150145362,0.0,0.3044574919776355,,0.3933129378541301,,0.3432277021263152,18402
calyx with alternate long and small teeth,0.31739267990888753,0.007799930578408443,0.05361380678746015,0.9659965782720273,0.20934447566568137,0.3871603668466615,0.39496029742507,0.5527748883313957,0.2736458821939372,11854
calyx with teeth of the same length,-0.28053090184779833,,-0.058660901496872475,0.0,0.25094710094710093,,0.3933129378541301,,0.30640032153207214,317
creeping,-0.3035685943047516,,-0.08205182111718458,0.0,0.25026492812384815,,0.3933129378541301,,0.3058912971553672,70
creeping to weakly erect,-0.3186734412540864,,-0.09678679013723084,0.0,0.2512053277219595,,0.3933129378541301,,0.3065927242965597,394
distally alternate,-0.2849223079862495,,-0.057772332678141074,0.0,0.2615567968411422,,0.3933129378541301,,0.31418056670209454,3983
erect,0.10329671537900731,0.004230621345411967,0.04750002882629843,0.34278267842822774,0.21273710549681168,0.3907578389249474,0.3949884602703594,0.36520141825793495,0.27653502329290297,40747
erect or decumbent,-0.3086726680698158,,-0.08698743018240013,0.0,0.25066626671435327,,0.3933129378541301,,0.30619089896982765,210
floral tube campanulate,-0.3009789000488386,,-0.0770528095076746,0.0,0.2556177792418645,,0.3933129378541301,,0.3098567445575054,1928
floral tube cylindrical,0.12482238899648723,-0.005167988980381177,0.07050882149041912,0.40397401027500757,0.22240627842876345,0.3972216031498403,0.39205361416945905,0.4005693523616886,0.28381082743504665,22826
floral tube narrowly obconic without red dots,-0.3182572712039084,,-0.09656323918185612,0.0,0.2507241192286832,,0.3933129378541301,,0.3062340554482797,228
floral tube obconic,-0.2944860563001694,,-0.06923622568600903,0.0,0.25821211256892945,,0.3933129378541301,,0.3117552103884923,2825
floral tube obconic without red dots,-0.2952662339193741,,-0.07366546828931844,0.0,0.250438010051178,,0.3933129378541301,,0.3060205497299239,132
flower tube narrowly cylindrical without red dots,-0.28053090184779833,,-0.058660901496872475,0.0,0.25094710094710093,,0.3933129378541301,,0.30640032153207214,317
flowers solitary,-0.23935192202705985,,-0.0178391175477228,0.0,0.2502015246781363,,0.3933129378541301,,0.3058439318970431,51
getting narrower at the base,0.23652082836397953,-0.06376037731828987,,1.0,0.23513599173602226,0.45274959957287775,0.3889892222545878,0.6233002572583609,0.29309941178192034,3746
inflorescence raceme,-0.2306002685785198,,0.021020842300697284,0.0,0.2930181121795304,,0.3933129378541301,,0.33583739083391295,14360
inflorescence spikelike,0.22562545468862777,0.007799930578408443,-0.06433092360105583,0.6733750745378653,0.2146500866832134,0.3871603668466615,0.39496029742507,0.4916462585034013,0.2781391665521895,13935
inflorescence spikelike to raceme,0.2227981430172919,-0.07166782650663062,,1.0,0.24283307187263958,0.46265328874024525,0.39098546223361463,0.6326219512195121,0.2995942710498774,1794
leaves alternate,-0.3041680142638673,,-0.07483123391781174,0.0,0.26760025618287514,,0.3933129378541301,,0.31850065599964816,5854
leaves mostly alternate,-0.3068684328975994,,-0.08511679912132342,0.0,0.250813843418835,,0.3933129378541301,,0.30630097203718976,262
leaves opposite,0.06307043397249207,0.0024975147646065787,0.02753727560294439,0.2938893476465731,0.21857383048165366,0.3920467063229786,0.39454422108758525,0.33594487445724,0.2813064840508134,56147
leaves opposite but sometimes alternate,-0.29642827247635856,,-0.07481938405972785,0.0,0.2504582185385422,,0.3933129378541301,,0.30603563631241637,139
leaves with petiole,-0.3177473196402623,,-0.09628992424452645,0.0,0.25013527359804744,,0.3933129378541301,,0.3057944293535629,24
linear,-0.2826568333101071,,-0.05570518475698603,0.0,0.26103201778098156,,0.3933129378541301,,0.313801669603397,3816
minute,-0.24717252690374347,,-0.025585933362430258,0.0,0.250331247911698,,0.3933129378541301,,0.30594083106861736,99
needle-like leaves,-0.2926175341729286,,-0.07053343031506598,0.0,0.25146408647947965,,0.3933129378541301,,0.3067853688498549,496
obovate,-0.29642827247635856,,-0.07481938405972785,0.0,0.2504582185385422,,0.3933129378541301,,0.30603563631241637,139
often with a darker midrib,-0.286598749259456,,-0.06495457673303054,0.0,0.2505101981990292,,0.3933129378541301,,0.3060744372129716,159
one or few flowers in the axil of leaves,-0.3179945918752358,,-0.09642236887808267,0.0,0.25042069108595927,,0.3933129378541301,,0.3060076195573333,123
petals lavender,-0.28053090184779833,,-0.058660901496872475,0.0,0.25094710094710093,,0.3933129378541301,,0.30640032153207214,317
petals lilac to pink,-0.19269953899678788,,0.02874531835205993,0.0,0.2500863279541426,,0.3933129378541301,,0.30575785081516194,8
petals minute,-0.26068787932871096,,-0.039153027790779775,0.0,0.250256280307306,,0.3933129378541301,,0.305884837392651,70
petals pale purple or whitish,-0.2796606264202354,,-0.05765710947330272,0.0,0.25120823216556826,,0.3933129378541301,,0.3065948874981479,411
petals pale purple to purple,-0.3182572712039084,,-0.09656323918185612,0.0,0.2507241192286832,,0.3933129378541301,,0.3062340554482797,228
petals pale purple to purple sometimes with red midribs,-0.2952662339193741,,-0.07366546828931844,0.0,0.250438010051178,,0.3933129378541301,,0.3060205497299239,132
petals pink,-0.2605600189788018,,-0.038946725411202636,0.0,0.2503976028581307,,0.3933129378541301,,0.30599038102682186,122
petals pink to purple,-0.31772485941377904,,-0.09627790186313,0.0,0.25010935881201796,,0.3933129378541301,,0.3057750631548578,15
petals pink to purple with a darker midrib,-0.31771238288214,,-0.09627122405948285,0.0,0.25009496402877696,,0.3933129378541301,,0.3057643052154578,10
petals pinkish,-0.286598749259456,,-0.06495457673303054,0.0,0.2505101981990292,,0.3933129378541301,,0.3060744372129716,159
petals pinkish to white,-0.3178971356724687,,-0.09637015024856278,0.0,0.25030817617308554,,0.3933129378541301,,0.30592360006195346,84
petals purple,0.03699576524371351,0.007799930578408443,0.028847603541336614,0.2738571601794592,0.24449148328621556,0.3871603668466615,0.39496029742507,0.32079826710699194,0.3020225507831351,25272
petals reddish,-0.26068787932871096,,-0.039153027790779775,0.0,0.250256280307306,,0.3933129378541301,,0.305884837392651,70
petals rose to purple,0.2227981430172919,-0.07166782650663062,,1.0,0.24283307187263958,0.46265328874024525,0.39098546223361463,0.6326219512195121,0.2995942710498774,1794
petals white,-0.31772485941377904,,-0.09627790186313,0.0,0.25010935881201796,,0.3933129378541301,,0.3057750631548578,15
petals white to pink,-0.3009652949834792,,-0.07704037280357982,0.0,0.2556147719384934,,0.3933129378541301,,0.3098545350827154,1927
petiolated,-0.3189699354238451,,-0.09694633028804515,0.0,0.251548516318757,,0.3933129378541301,,0.3068481929752708,512
prostrate,-0.297796642585635,,-0.07546663370741163,0.0,0.2520445924155772,,0.3933129378541301,,0.30721699046972656,697
prostrate and spreading,-0.3061327983874663,,-0.08051691496492573,0.0,0.25959424584209523,,0.3933129378541301,,0.3127604597767334,3252
prostrate to weakly erect,-0.27610302288786726,,-0.053909215964558305,0.0,0.2515572536760449,,0.3933129378541301,,0.3068546934913248,538
purple,-0.21775583468841073,,0.003744206056232491,0.0,0.2501698350009787,,0.3933129378541301,,0.3058202547681047,40
red-dotted,-0.2947438017533539,,-0.06950977584420968,0.0,0.2581906335040582,,0.3933129378541301,,0.3117395546372819,2817
rounded at the base,0.36888150272433146,0.019045427094318113,0.8044115605652572,0.9993323689774118,0.16362422655267145,0.3823654632152589,0.40141089030957705,0.5531023864511163,0.23248305989001472,23548
rounded base,-0.3181046142232567,,-0.09648135018281409,0.0,0.25054775248506655,,0.3933129378541301,,0.30610246620503107,167
sessile,0.15061603529555778,0.0024975147646065787,0.07256680751732408,0.38277048827704885,0.18731670932854164,0.3920467063229786,0.39454422108758525,0.38735306922072266,0.25402882824892525,47453
sessile base narrowly attenuate,-0.3063800803060072,,-0.0796490810861118,0.0,0.2620963364174819,,0.3933129378541301,,0.31456948848253197,4074
sessile or subsessile,-0.2961775297231677,,-0.0743972923460979,0.0,0.250831216809051,,0.3933129378541301,,0.3063139270130621,271
solitary in leaf axils,-0.2947438017533539,,-0.06950977584420968,0.0,0.2581906335040582,,0.3933129378541301,,0.3117395546372819,2817
sometimes alternate distally,-0.31777477534091625,,-0.09630462234433759,0.0,0.2501669545192861,,0.3933129378541301,,0.3058181024836196,35
sometimes creeping,-0.30041251684920695,,-0.07883866980186631,0.0,0.25038894587025917,,0.3933129378541301,,0.30598391707859784,114
sprawling or ascending,-0.30136103017646587,,-0.07379499554743307,0.0,0.26354924793789425,,0.3933129378541301,,0.3156136286052542,4569
stamens 10-12,-0.31771238288214,,-0.09627122405948285,0.0,0.25009496402877696,,0.3933129378541301,,0.3057643052154578,10
stamens 10-14,0.2227981430172919,-0.07166782650663062,,1.0,0.24283307187263958,0.46265328874024525,0.39098546223361463,0.6326219512195121,0.2995942710498774,1794
stamens 12,0.2059879950748566,0.007799930578408443,-0.060998712349505775,0.6229485588194732,0.21611372027023634,0.3871603668466615,0.39496029742507,0.47753462311026534,0.27936497630024026,14508
stamens 2-3,-0.3179945918752358,,-0.09642236887808267,0.0,0.25042069108595927,,0.3933129378541301,,0.3060076195573333,123
stamens 4-6,-0.28053090184779833,,-0.058660901496872475,0.0,0.25094710094710093,,0.3933129378541301,,0.30640032153207214,317
stamens 5-8,-0.2928346746558539,,-0.06620999452184698,0.0,0.26098498498498496,,0.3933129378541301,,0.3137676816544035,3761
stamens 6,-0.18239493451762345,,0.06136486060645638,0.0,0.2765445612605962,,0.3933129378541301,,0.3247513209323877,9779
stamens 8,-0.31771238288214,,-0.09627122405948285,0.0,0.25009496402877696,,0.3933129378541301,,0.3057643052154578,10
subsessile,-0.3045026300760655,,-0.07490048516001432,0.0,0.2682047673715266,,0.3933129378541301,,0.31892844036697243,6043
usually with a darker midrib,-0.2780294767831502,,-0.05601058631159917,0.0,0.2512285651515327,,0.3933129378541301,,0.30661003076402027,419
with flowers in whorled clusters,0.3196481590930169,-0.005167988980381177,0.9040430668479618,1.0,0.20088792955431822,0.3972216031498403,0.39205361416945905,0.5685878349638451,0.2656546489563567,13485
