trait,accuracy_with,accuracy_without,impact,ci_low,ci_high,n_with,n_without
inflorescence spikelike to raceme,0.46265328874024525,0.22172926042454896,0.2409240283156963,0.2147067308275051,0.26197192181886303,1794,125545
stamens 10-14,0.46265328874024525,0.22172926042454896,0.2409240283156963,0.21307201226953715,0.2592607841849669,1794,125545
petals rose to purple,0.46265328874024525,0.22172926042454896,0.2409240283156963,0.21950158834793568,0.26459140821603094,1794,125545
getting narrower at the base,0.45274959957287775,0.21822433309329817,0.23452526647957958,0.22434378891493523,0.24736016130938773,3746,123593
base rounded,0.0,0.2260661787899817,-0.2260661787899817,-0.22759447353479276,-0.22415186739007004,531,126808
petiolated,0.0,0.22603231173172905,-0.22603231173172905,-0.22786196945445372,-0.2233479464151955,512,126827
a discernible gap between the stem and the base of the blade,0.0,0.22603231173172905,-0.22603231173172905,-0.2277693235667484,-0.22450483729805168,512,126827
creeping to weakly erect,0.0,0.22582220646736775,-0.22582220646736775,-0.22769191382094608,-0.22421442356926227,394,126945
floral tube narrowly obconic without red dots,0.0,0.2255272950413418,-0.2255272950413418,-0.22711370377072007,-0.22327119604125528,228,127111
petals pale purple to purple,0.0,0.2255272950413418,-0.2255272950413418,-0.22776490626302995,-0.22314276498493443,228,127111
rounded base,0.0,0.22541911741578335,-0.22541911741578335,-0.22795583933570285,-0.2232873588525776,167,127172
one or few flowers in the axil of leaves,0.0,0.2253411520563451,-0.2253411520563451,-0.22731063702678908,-0.22268189535907434,123,127216
stamens 2-3,0.0,0.2253411520563451,-0.2253411520563451,-0.22822227549993712,-0.22297431140737015,123,127216
petals pinkish to white,0.0,0.2252720914698833,-0.2252720914698833,-0.22772032533102826,-0.22312954304349536,84,127255
sometimes alternate distally,0.0,0.2251853830201722,-0.2251853830201722,-0.2271735373593917,-0.22372981210331175,35,127304
leaves with petiole,0.0,0.22516592703137886,-0.22516592703137886,-0.2271859168204846,-0.22325766798884655,24,127315
petals white,0.0,0.22515001099557036,-0.22515001099557036,-0.2273738651000597,-0.22243194527347554,15,127324
petals pink to purple,0.0,0.22515001099557036,-0.22515001099557036,-0.22822700354999842,-0.22272077534478968,15,127324
stamens 8,0.0,0.2251411697256713,-0.2251411697256713,-0.22751827941788594,-0.22261503663737248,10,127329
petals pink to purple with a darker midrib,0.0,0.2251411697256713,-0.2251411697256713,-0.22713560932701898,-0.22287891996324483,10,127329
stamens 10-12,0.0,0.2251411697256713,-0.2251411697256713,-0.22736179503490955,-0.22322349975260938,10,127329
erect or decumbent,0.009523809523809525,0.2254796309260672,-0.2159558214022577,-0.22731418480441126,-0.20164296932736864,210,127129
leaves mostly alternate,0.011450381679389313,0.22556402810894183,-0.21411364642955252,-0.22782151766251957,-0.20219150353452228,262,127077
prostrate and spreading,0.01937269372693727,0.23051568657474192,-0.21114299284780463,-0.21544754442412942,-0.20665809332124446,3252,124087
creeping,0.014285714285714285,0.2252394534411365,-0.2109537391554222,-0.2266109578923383,-0.18109311211460988,70,127269
sessile base narrowly attenuate,0.02110947471772214,0.23186630430373587,-0.21075682958601372,-0.21395948086390498,-0.20633289613094355,4074,123265
sometimes creeping,0.017543859649122806,0.2253094910591472,-0.20776563141002438,-0.224353507565337,-0.18048855288151602,114,127225
subsessile,0.027635280489822937,0.2349624060150376,-0.20732712552521465,-0.21155203937035424,-0.20320996814850822,6043,121296
leaves alternate,0.02750256235052955,0.23464625262378072,-0.20714369027325116,-0.21279040907742883,-0.20242863735484742,5854,121485
floral tube campanulate,0.021265560165975105,0.2282574893749352,-0.2069919292089601,-0.21329224220307197,-0.19938613808751182,1928,125411
petals white to pink,0.02127659574468085,0.22825566931394126,-0.2069790735692604,-0.2140279981757191,-0.19909130352233456,1927,125412
base obtuse to truncate,0.027821522309711286,0.23439452739590871,-0.20657300508619741,-0.20953213967128673,-0.20342111750662326,5715,121624
sprawling or ascending,0.0271394178157146,0.23249165105481795,-0.20535223323910334,-0.21064211833707341,-0.20098829166165494,4569,122770
prostrate,0.021520803443328552,0.2262440580534104,-0.20472325461008187,-0.2134305096799376,-0.1952292204664095,697,126642
leaves opposite but sometimes alternate,0.02158273381294964,0.22534591194968553,-0.2037631781367359,-0.22461104559748427,-0.17547223966110131,139,127200
obovate,0.02158273381294964,0.22534591194968553,-0.2037631781367359,-0.2225642745237772,-0.16982005480521245,139,127200
sessile or subsessile,0.02214022140221402,0.22555639500110178,-0.20341617359888775,-0.21856292522340653,-0.18561759708634956,271,127068
petals pale purple to purple sometimes with red midribs,0.022727272727272728,0.22533351152059242,-0.20260623879331968,-0.2262434457223266,-0.18608431949737853,132,127207
floral tube obconic without red dots,0.022727272727272728,0.22533351152059242,-0.20260623879331968,-0.2251532934508321,-0.17082628505054157,132,127207
red-dotted,0.029463968761093362,0.22954979842919324,-0.20008582966809987,-0.20690657446100869,-0.19278750881959764,2817,124522
solitary in leaf axils,0.029463968761093362,0.22954979842919324,-0.20008582966809987,-0.20649602389797728,-0.19394448039876017,2817,124522
floral tube obconic,0.029734513274336283,0.22955651573317057,-0.19982200245883427,-0.20692813936692053,-0.19305922460153394,2825,124514
needle-like leaves,0.02620967741935484,0.22590131106958997,-0.19969163365023512,-0.21267868164683137,-0.18560558925651804,496,126843
stamens 5-8,0.03350172826375964,0.23095534803929502,-0.19745361977553538,-0.2048715563415595,-0.19185628568881974,3761,123578
alternate distally,0.38378217653555347,0.18913841440504062,0.19464376213051285,0.18845273335645688,0.20012628409617303,23542,103797
rounded at the base,0.3836843893324274,0.1891493482093823,0.19453504112304507,0.18825007601008337,0.20173023202700882,23548,103791
often with a darker midrib,0.031446540880503145,0.2253656235257116,-0.19391908264520846,-0.21795902726883404,-0.16844930079785894,159,127180
petals pinkish,0.031446540880503145,0.2253656235257116,-0.19391908264520846,-0.22089833925274038,-0.17041381328498903,159,127180
with flowers in whorled clusters,0.3982944011865035,0.20461292532541675,0.19368147586108675,0.1853186943248012,0.20063513713374853,13485,113854
distally alternate,0.041677127793120765,0.23104672654755343,-0.18936959875443266,-0.1949370447008333,-0.18297121227716578,3983,123356
flower tube narrowly cylindrical without red dots,0.03785488958990536,0.22559084253121506,-0.18773595294130968,-0.2042246444851924,-0.1689540149953904,317,127022
stamens 4-6,0.03785488958990536,0.22559084253121506,-0.18773595294130968,-0.20356708122843373,-0.1699798215485859,317,127022
petals lavender,0.03785488958990536,0.22559084253121506,-0.18773595294130968,-0.20641147287285289,-0.1645050967846947,317,127022
calyx with teeth of the same length,0.03785488958990536,0.22559084253121506,-0.18773595294130968,-0.20538310770776338,-0.16505533555453047,317,127022
linear,0.04350104821802935,0.2307343571642528,-0.18723330894622345,-0.19419259044534792,-0.18133392865062128,3816,123523
petals pale purple or whitish,0.038929440389294405,0.22572639606706163,-0.18679695567776722,-0.20197732174080799,-0.16790311922340476,411,126928
usually with a darker midrib,0.0405727923627685,0.2257327450362433,-0.1851599526734748,-0.2015340489414338,-0.16833793645594128,419,126920
prostrate to weakly erect,0.04275092936802974,0.2258972721035323,-0.18314634273550257,-0.19502398549505415,-0.16578818846461668,538,126801
calyx with alternate long and small teeth,0.3834148810528092,0.20887561155128373,0.17453926950152546,0.1639926733864141,0.18231661586274167,11854,115485
petals reddish,0.05714285714285714,0.22521588132223871,-0.16807302417938158,-0.21062451522815004,-0.11421340119858615,70,127269
petals minute,0.05714285714285714,0.22521588132223871,-0.16807302417938158,-0.21094411387353895,-0.10035827095140443,70,127269
petals pink,0.05737704918032787,0.22528435665044766,-0.16790730747011978,-0.20797931010354453,-0.13050534893457508,122,127217
minute,0.0707070707070707,0.22524363407733416,-0.15453656337026345,-0.183701390278135,-0.09748427373388079,99,127240
flowers solitary,0.0784313725490196,0.2251822638426246,-0.146750891293605,-0.2070938098072489,-0.06916032856169303,51,127288
inflorescence raceme,0.11309192200557103,0.23936306747271616,-0.12627114546714513,-0.13201443553145345,-0.12049972740946926,14360,112979
purple,0.1,0.22516280567797076,-0.12516280567797075,-0.2255090377772017,-0.05139847917108541,40,127299
inflorescence spikelike,0.3296734840330104,0.21227646291136115,0.11739702112164924,0.10907096532173055,0.12310996248055907,13935,113404
base narrowly attenuate,0.3333333333333333,0.22511584072881488,0.10821749260451843,-0.1150323743204447,0.3326923261516445,9,127330
stamens 12,0.31872070581748,0.2130886015368117,0.10563210428066833,0.09872919134958122,0.113239446599877,14508,112831
sessile,0.28826417718584707,0.18761735473049096,0.10064682245535611,0.09590556060039869,0.10481663288135985,47453,79886
petals lilac to pink,0.125,0.22512977986507607,-0.10012977986507607,-0.22674113138198868,0.151379082862775,8,127331
base attenuate,0.14598612487611495,0.24002650267359718,-0.09404037779748223,-0.09755718457546912,-0.08978934809930329,20180,107159
floral tube cylindrical,0.29891351967055113,0.20900749189096093,0.0899060277795902,0.08473180115254683,0.09574358071331662,22826,104513
stamens 6,0.14929951937825953,0.2314307587614835,-0.08213123938322398,-0.0881413504570435,-0.07369682948242934,9779,117560
becoming alternate distally,0.156504727746984,0.2367147984614961,-0.08021007071451208,-0.08739966561260094,-0.07444215373694085,18402,108937
erect,0.2706211500233146,0.2037139689578714,0.06690718106544322,0.0618680154149528,0.07124729912803925,40747,86592
leaves opposite,0.24822341353945893,0.20690527025508484,0.04131814328437408,0.03737751816512238,0.04561091784813143,56147,71192
petals purple,0.2431544792655904,0.22065897890601271,0.022495500359577675,0.016460993595787548,0.02585731449652057,25272,102067
