feature,importance
background_frac,0.12826942714577488
hand_frac,0.10687896927789739
trait_diversity,0.06852544610648989
trait_density,0.06738869465474108
trait_erect_freq,0.05603211613733487
trait_rounded_at_the_base_freq,0.04277344196043806
n_regions,0.04195422297418878
trait_alternate_distally_freq,0.04090529824794009
trait_sessile_freq,0.03409161100711508
trait_alternate_distally_present,0.02775936640519667
trait_with_flowers_in_whorled_clusters_freq,0.027278148525479776
trait_rounded_at_the_base_present,0.02689446207379991
trait_with_flowers_in_whorled_clusters_present,0.024707420955497342
trait_leaves_opposite_freq,0.020912610221634972
trait_getting_narrower_at_the_base_freq,0.01779685950715815
trait_floral_tube_cylindrical_freq,0.01673594492982784
trait_getting_narrower_at_the_base_present,0.016087361080376776
trait_base_attenuate_freq,0.013683022730007545
trait_calyx_with_alternate_long_and_small_teeth_freq,0.01355803661942853
trait_inflorescence_raceme_freq,0.013375554694888181
trait_petals_purple_freq,0.011173544608670379
trait_sessile_present,0.01074645938159991
trait_stamens_12_freq,0.009732322118175199
trait_inflorescence_spikelike_freq,0.00942814558582692
trait_erect_present,0.008795525219602382
trait_becoming_alternate_distally_freq,0.008466037912659437
trait_inflorescence_raceme_present,0.007153778003971157
trait_stamens_10_14_freq,0.007016689439549797
trait_calyx_with_alternate_long_and_small_teeth_present,0.0069340492814262
trait_base_attenuate_present,0.006799271218950495
trait_stamens_6_freq,0.006166875783728946
trait_petals_rose_to_purple_freq,0.006046388239296912
trait_stamens_12_present,0.005660512797120376
trait_floral_tube_cylindrical_present,0.004927097513684758
trait_inflorescence_spikelike_to_raceme_freq,0.004568063267366506
trait_becoming_alternate_distally_present,0.004332357059188389
trait_subsessile_freq,0.004150401680100688
trait_petals_rose_to_purple_present,0.0033095269444041657
trait_stamens_10_14_present,0.0032114358862031828
trait_stamens_5_8_freq,0.0030783274762159036
trait_leaves_alternate_freq,0.0030426886592004217
trait_stamens_6_present,0.002976862427197819
trait_stamens_5_8_present,0.00295606254868068
trait_inflorescence_spikelike_present,0.002841445071985759
trait_sessile_base_narrowly_attenuate_freq,0.002735839095878294
trait_sessile_base_narrowly_attenuate_present,0.0026392536835903196
trait_subsessile_present,0.002392343724290237
trait_sprawling_or_ascending_freq,0.0023660283853693424
trait_leaves_alternate_present,0.0023479496417158387
trait_base_obtuse_to_truncate_freq,0.0022327818076278857
trait_prostrate_and_spreading_freq,0.0020913997455638046
trait_linear_freq,0.002070361530505848
trait_distally_alternate_freq,0.002049195755063627
trait_inflorescence_spikelike_to_raceme_present,0.0019888716713094847
trait_prostrate_and_spreading_present,0.0019753516365868364
trait_petals_purple_present,0.001919935298354221
trait_leaves_opposite_present,0.0017602940547032226
trait_base_obtuse_to_truncate_present,0.0017086939401027334
trait_floral_tube_obconic_freq,0.0015517171771658915
trait_solitary_in_leaf_axils_freq,0.001481091682047776
trait_distally_alternate_present,0.001395499274166226
trait_linear_present,0.0009833184458396477
trait_sprawling_or_ascending_present,0.0009221625361087841
trait_prostrate_to_weakly_erect_freq,0.0007023649118106874
trait_floral_tube_campanulate_freq,0.0007008487526200378
trait_petals_pale_purple_or_whitish_freq,0.0005820307696962314
trait_prostrate_freq,0.0005712610823322237
trait_usually_with_a_darker_midrib_freq,0.0004996652433526769
trait_petals_white_to_pink_freq,0.0004728895564078076
trait_petals_white_to_pink_present,0.00046397288481305615
trait_floral_tube_obconic_present,0.00045927263294495225
trait_prostrate_to_weakly_erect_present,0.0004487251274054397
trait_red_dotted_freq,0.00044075679865301085
trait_needle_like_leaves_freq,0.00043704453704977443
trait_floral_tube_campanulate_present,0.0004264648256042651
trait_solitary_in_leaf_axils_present,0.0003618011192223275
trait_stamens_4_6_freq,0.0003362740688129632
trait_prostrate_present,0.00032990211050090354
trait_calyx_with_teeth_of_the_same_length_freq,0.0002931003246670183
trait_petals_pale_purple_or_whitish_present,0.00027582358901433087
trait_usually_with_a_darker_midrib_present,0.0002607749376467632
trait_petals_lavender_freq,0.0002310516828232766
trait_red_dotted_present,0.00021616541257910498
trait_petals_pink_freq,0.00020271204858090543
trait_flower_tube_narrowly_cylindrical_without_red_dots_freq,0.00020254237412097733
trait_minute_freq,0.00019128256262140785
trait_leaves_opposite_but_sometimes_alternate_present,0.00019031580049149778
trait_calyx_with_teeth_of_the_same_length_present,0.00017412718680864792
trait_petiolated_present,0.0001719341776751267
trait_obovate_present,0.00016889080196619562
trait_sometimes_creeping_freq,0.00016595440361841517
trait_a_discernible_gap_between_the_stem_and_the_base_of_the_blade_freq,0.0001657313139320516
trait_creeping_present,0.0001616109492515165
trait_flower_tube_narrowly_cylindrical_without_red_dots_present,0.00015015929808398439
trait_needle_like_leaves_present,0.00014864312096389876
trait_base_rounded_freq,0.00013661954249966763
trait_base_rounded_present,0.000134887723579131
trait_creeping_freq,0.0001327091808325228
trait_leaves_opposite_but_sometimes_alternate_freq,0.00013086554772358944
trait_obovate_freq,0.0001209971450808932
trait_rounded_base_freq,0.000110472661965552
trait_petiolated_freq,0.00010826955464889225
trait_rounded_base_present,0.00010804362700174659
trait_a_discernible_gap_between_the_stem_and_the_base_of_the_blade_present,0.00010034617578508097
trait_stamens_2_3_present,9.409737855171106e-05
trait_creeping_to_weakly_erect_freq,8.810536331478774e-05
trait_sessile_or_subsessile_freq,8.692091375100436e-05
trait_petals_pinkish_freq,8.67045527227685e-05
trait_petals_pinkish_to_white_freq,8.362156268189455e-05
trait_stamens_4_6_present,8.03134917228179e-05
trait_flowers_solitary_freq,7.845671175879917e-05
trait_leaves_mostly_alternate_freq,7.706940005176223e-05
trait_one_or_few_flowers_in_the_axil_of_leaves_freq,7.690552432373818e-05
trait_one_or_few_flowers_in_the_axil_of_leaves_present,7.522519089192698e-05
trait_petals_lilac_to_pink_freq,7.515108381037817e-05
trait_petals_pink_present,7.235938483638073e-05
trait_erect_or_decumbent_freq,7.118948002177061e-05
trait_petals_reddish_freq,7.09116969478484e-05
trait_sessile_or_subsessile_present,6.770032497900577e-05
trait_petals_pale_purple_to_purple_sometimes_with_red_midribs_freq,6.405844552050376e-05
trait_floral_tube_narrowly_obconic_without_red_dots_present,6.392862701837104e-05
trait_petals_pinkish_to_white_present,5.9070336337660056e-05
trait_often_with_a_darker_midrib_freq,5.786913300676321e-05
trait_purple_present,5.699993336674897e-05
trait_purple_freq,5.452138333339087e-05
trait_base_narrowly_attenuate_present,5.2971300652508963e-05
trait_leaves_mostly_alternate_present,5.232061097289358e-05
trait_petals_lilac_to_pink_present,5.23180875026861e-05
trait_stamens_2_3_freq,5.174540740242487e-05
trait_creeping_to_weakly_erect_present,5.027053918916376e-05
trait_floral_tube_obconic_without_red_dots_freq,4.9899373721383475e-05
trait_sometimes_creeping_present,4.9703581803301874e-05
trait_base_narrowly_attenuate_freq,4.902331447974178e-05
trait_petals_minute_present,4.658465228178507e-05
trait_petals_pale_purple_to_purple_freq,4.646688305785663e-05
trait_floral_tube_narrowly_obconic_without_red_dots_freq,4.623795363254223e-05
trait_minute_present,4.203196348034802e-05
trait_petals_pale_purple_to_purple_sometimes_with_red_midribs_present,3.97687965002189e-05
trait_petals_lavender_present,3.9023229775718555e-05
trait_flowers_solitary_present,3.8176481038292785e-05
trait_petals_pale_purple_to_purple_present,3.7131515363854844e-05
trait_often_with_a_darker_midrib_present,3.702588577936733e-05
trait_erect_or_decumbent_present,3.527311692523724e-05
trait_sometimes_alternate_distally_present,3.3896565956622586e-05
trait_petals_minute_freq,3.370877660928441e-05
trait_petals_reddish_present,2.9050484711836665e-05
trait_petals_pinkish_present,2.7370115652264113e-05
trait_floral_tube_obconic_without_red_dots_present,2.4590277993850375e-05
trait_sometimes_alternate_distally_freq,1.3223517603404978e-05
trait_petals_pink_to_purple_present,1.2179210756457191e-05
trait_petals_white_freq,1.152935864159204e-05
trait_petals_pink_to_purple_freq,1.06014358774992e-05
trait_petals_white_present,8.75422200640842e-06
trait_leaves_with_petiole_freq,4.209683051140488e-06
trait_leaves_with_petiole_present,3.4773932000922786e-06
trait_stamens_10_12_present,3.101886779025913e-06
trait_leaves_sessile_present,2.198178282546103e-06
trait_purple_with_a_darker_midrib_present,9.715022957931749e-07
trait_stamens_6_8_present,4.925379843840954e-07
trait_petals_pink_to_purple_with_a_darker_midrib_freq,3.900695288571964e-07
trait_purple_with_a_darker_midrib_freq,3.771716470671299e-07
trait_stamens_8_freq,2.6535356222583093e-07
trait_stamens_8_present,2.4009080055317426e-07
trait_broader_at_the_base_present,1.8056227262247721e-07
trait_stamens_10_12_freq,1.5846803848224145e-07
trait_broader_at_the_base_freq,1.329636573605185e-07
trait_leaves_sessile_freq,1.2786928183397141e-07
trait_4_minute_petals_freq,1.1529821219059404e-07
trait_petals_4_freq,7.991411609180637e-08
trait_petals_4_present,5.3761013642053636e-08
trait_stamens_6_8_freq,3.5827997682534924e-08
trait_pink_present,2.6894766577074374e-08
trait_4_minute_petals_present,2.3227275864110986e-08
trait_pink_freq,6.736716598284749e-09
trait_petals_pink_to_purple_with_a_darker_midrib_present,0.0
