filename,url,license_code,observation_id,quality_grade,latitude,longitude
lythrum_ovalifolium_001.jpg,https://inaturalist-open-data.s3.amazonaws.com/photos/481571232/medium.jpg,cc-by,267943022,research,30.4583178152,-101.7597233452
lythrum_ovalifolium_002.jpg,https://inaturalist-open-data.s3.amazonaws.com/photos/470837806/medium.jpg,cc-by-nc-nd,262040568,research,29.3821431598,-100.3618099062
lythrum_ovalifolium_003.jpg,https://inaturalist-open-data.s3.amazonaws.com/photos/470840533/medium.jpg,cc-by-nc-nd,262040568,research,29.3821431598,-100.3618099062
lythrum_ovalifolium_004.jpg,https://inaturalist-open-data.s3.amazonaws.com/photos/452310198/medium.jpg,cc-by-nc,252652210,research,30.2319111609,-97.9510936572
lythrum_ovalifolium_005.jpg,https://inaturalist-open-data.s3.amazonaws.com/photos/452310205/medium.jpg,cc-by-nc,252652210,research,30.2319111609,-97.9510936572
lythrum_ovalifolium_006.jpg,https://inaturalist-open-data.s3.amazonaws.com/photos/452310206/medium.jpg,cc-by-nc,252652210,research,30.2319111609,-97.9510936572
lythrum_ovalifolium_007.jpg,https://inaturalist-open-data.s3.amazonaws.com/photos/452310213/medium.jpg,cc-by-nc,252652210,research,30.2319111609,-97.9510936572
lythrum_ovalifolium_008.jpg,https://inaturalist-open-data.s3.amazonaws.com/photos/452310190/medium.jpg,cc-by-nc,252652210,research,30.2319111609,-97.9510936572
lythrum_ovalifolium_009.jpg,https://inaturalist-open-data.s3.amazonaws.com/photos/450493681/medium.jpg,cc-by-nc,251738091,needs_id,30.3417157562,-97.8405136641
lythrum_ovalifolium_010.jpg,https://inaturalist-open-data.s3.amazonaws.com/photos/450493685/medium.jpg,cc-by-nc,251738091,needs_id,30.3417157562,-97.8405136641
lythrum_ovalifolium_011.jpg,https://inaturalist-open-data.s3.amazonaws.com/photos/430822578/medium.jpg,cc0,241713964,research,29.62,-99.86
lythrum_ovalifolium_012.jpg,https://inaturalist-open-data.s3.amazonaws.com/photos/430823749/medium.jpg,cc0,241713964,research,29.62,-99.86
lythrum_ovalifolium_013.jpg,https://inaturalist-open-data.s3.amazonaws.com/photos/430822572/medium.jpg,cc0,241713964,research,29.62,-99.86
lythrum_ovalifolium_014.jpeg,https://inaturalist-open-data.s3.amazonaws.com/photos/426221028/medium.jpeg,cc-by-sa,239323650,needs_id,26.5408727592,-100.5065349117
lythrum_ovalifolium_015.jpeg,https://inaturalist-open-data.s3.amazonaws.com/photos/426221052/medium.jpeg,cc-by-sa,239323650,needs_id,26.5408727592,-100.5065349117
lythrum_ovalifolium_016.jpeg,https://inaturalist-open-data.s3.amazonaws.com/photos/426221074/medium.jpeg,cc-by-sa,239323650,needs_id,26.5408727592,-100.5065349117
lythrum_ovalifolium_017.jpeg,https://inaturalist-open-data.s3.amazonaws.com/photos/426221101/medium.jpeg,cc-by-sa,239323650,needs_id,26.5408727592,-100.5065349117
lythrum_ovalifolium_018.jpeg,https://inaturalist-open-data.s3.amazonaws.com/photos/426221122/medium.jpeg,cc-by-sa,239323650,needs_id,26.5408727592,-100.5065349117
lythrum_ovalifolium_019.jpeg,https://inaturalist-open-data.s3.amazonaws.com/photos/426221145/medium.jpeg,cc-by-sa,239323650,needs_id,26.5408727592,-100.5065349117
lythrum_ovalifolium_020.jpeg,https://inaturalist-open-data.s3.amazonaws.com/photos/426221172/medium.jpeg,cc-by-sa,239323650,needs_id,26.5408727592,-100.5065349117
lythrum_ovalifolium_021.jpeg,https://inaturalist-open-data.s3.amazonaws.com/photos/425630658/medium.jpeg,cc-by-sa,239020478,research,26.5407676694,-100.5068054197
lythrum_ovalifolium_022.jpeg,https://inaturalist-open-data.s3.amazonaws.com/photos/425631027/medium.jpeg,cc-by-sa,239020478,research,26.5407676694,-100.5068054197
lythrum_ovalifolium_023.jpg,https://inaturalist-open-data.s3.amazonaws.com/photos/413573809/medium.jpg,cc-by-nc,232766032,research,30.2590058093,-98.0202164756
lythrum_ovalifolium_024.jpg,https://inaturalist-open-data.s3.amazonaws.com/photos/413573865/medium.jpg,cc-by-nc,232766032,research,30.2590058093,-98.0202164756
lythrum_ovalifolium_025.jpg,https://inaturalist-open-data.s3.amazonaws.com/photos/413573947/medium.jpg,cc-by-nc,232766032,research,30.2590058093,-98.0202164756
lythrum_ovalifolium_026.jpg,https://inaturalist-open-data.s3.amazonaws.com/photos/413574075/medium.jpg,cc-by-nc,232766032,research,30.2590058093,-98.0202164756
lythrum_ovalifolium_027.jpg,https://inaturalist-open-data.s3.amazonaws.com/photos/412271363/medium.jpg,cc-by-nc,232100055,research,29.7494109722,-98.9001119722
lythrum_ovalifolium_028.jpg,https://inaturalist-open-data.s3.amazonaws.com/photos/412271347/medium.jpg,cc-by-nc,232100055,research,29.7494109722,-98.9001119722
lythrum_ovalifolium_029.jpg,https://inaturalist-open-data.s3.amazonaws.com/photos/412271535/medium.jpg,cc-by-nc,232100055,research,29.7494109722,-98.9001119722
lythrum_ovalifolium_030.jpg,https://inaturalist-open-data.s3.amazonaws.com/photos/412271552/medium.jpg,cc-by-nc,232100055,research,29.7494109722,-98.9001119722
lythrum_ovalifolium_031.jpg,https://inaturalist-open-data.s3.amazonaws.com/photos/412271553/medium.jpg,cc-by-nc,232100055,research,29.7494109722,-98.9001119722
lythrum_ovalifolium_032.jpeg,https://inaturalist-open-data.s3.amazonaws.com/photos/408367206/medium.jpeg,cc-by-nc-nd,230016635,research,29.7880878753,-98.8024749012
lythrum_ovalifolium_033.jpeg,https://inaturalist-open-data.s3.amazonaws.com/photos/408367229/medium.jpeg,cc-by-nc-nd,230016635,research,29.7880878753,-98.8024749012
lythrum_ovalifolium_034.jpeg,https://inaturalist-open-data.s3.amazonaws.com/photos/408367257/medium.jpeg,cc-by-nc-nd,230016635,research,29.7880878753,-98.8024749012
lythrum_ovalifolium_035.jpeg,https://inaturalist-open-data.s3.amazonaws.com/photos/408367284/medium.jpeg,cc-by-nc-nd,230016635,research,29.7880878753,-98.8024749012
lythrum_ovalifolium_036.jpeg,https://inaturalist-open-data.s3.amazonaws.com/photos/408367312/medium.jpeg,cc-by-nc-nd,230016635,research,29.7880878753,-98.8024749012
lythrum_ovalifolium_037.jpeg,https://inaturalist-open-data.s3.amazonaws.com/photos/408367340/medium.jpeg,cc-by-nc-nd,230016635,research,29.7880878753,-98.8024749012
lythrum_ovalifolium_038.jpeg,https://inaturalist-open-data.s3.amazonaws.com/photos/408314158/medium.jpeg,cc-by-nc-nd,229990649,research,29.717219244,-98.9385525867
lythrum_ovalifolium_039.jpeg,https://inaturalist-open-data.s3.amazonaws.com/photos/408314208/medium.jpeg,cc-by-nc-nd,229990649,research,29.717219244,-98.9385525867
lythrum_ovalifolium_040.jpeg,https://inaturalist-open-data.s3.amazonaws.com/photos/408314252/medium.jpeg,cc-by-nc-nd,229990649,research,29.717219244,-98.9385525867
lythrum_ovalifolium_041.jpeg,https://inaturalist-open-data.s3.amazonaws.com/photos/406935418/medium.jpeg,cc-by-nc,229262725,research,30.2980966492,-98.0648629037
lythrum_ovalifolium_042.jpeg,https://inaturalist-open-data.s3.amazonaws.com/photos/407142318/medium.jpeg,cc-by-nc,229262725,research,30.2980966492,-98.0648629037
lythrum_ovalifolium_043.jpg,https://inaturalist-open-data.s3.amazonaws.com/photos/405484302/medium.jpg,cc-by-nc-nd,228499296,research,30.0125941029,-98.9793228464
lythrum_ovalifolium_044.jpg,https://inaturalist-open-data.s3.amazonaws.com/photos/405484332/medium.jpg,cc-by-nc-nd,228499296,research,30.0125941029,-98.9793228464
lythrum_ovalifolium_045.jpg,https://inaturalist-open-data.s3.amazonaws.com/photos/405484362/medium.jpg,cc-by-nc-nd,228499296,research,30.0125941029,-98.9793228464
lythrum_ovalifolium_046.jpg,https://inaturalist-open-data.s3.amazonaws.com/photos/405484389/medium.jpg,cc-by-nc-nd,228499296,research,30.0125941029,-98.9793228464
lythrum_ovalifolium_047.jpg,https://inaturalist-open-data.s3.amazonaws.com/photos/405484416/medium.jpg,cc-by-nc-nd,228499296,research,30.0125941029,-98.9793228464
lythrum_ovalifolium_048.jpg,https://inaturalist-open-data.s3.amazonaws.com/photos/405484442/medium.jpg,cc-by-nc-nd,228499296,research,30.0125941029,-98.9793228464
lythrum_ovalifolium_049.jpg,https://inaturalist-open-data.s3.amazonaws.com/photos/404302219/medium.jpg,cc-by-nc,227875165,research,30.6179783333,-98.0738221667
lythrum_ovalifolium_050.jpg,https://inaturalist-open-data.s3.amazonaws.com/photos/395297248/medium.jpg,cc-by-nc,223118674,research,30.2980028264,-98.0652676931
lythrum_ovalifolium_051.jpg,https://inaturalist-open-data.s3.amazonaws.com/photos/395297334/medium.jpg,cc-by-nc,223118674,research,30.2980028264,-98.0652676931
lythrum_ovalifolium_052.jpg,https://inaturalist-open-data.s3.amazonaws.com/photos/395297470/medium.jpg,cc-by-nc,223118674,research,30.2980028264,-98.0652676931
lythrum_ovalifolium_053.jpeg,https://inaturalist-open-data.s3.amazonaws.com/photos/395487285/medium.jpeg,cc-by-nc,223118674,research,30.2980028264,-98.0652676931
lythrum_ovalifolium_054.jpg,https://inaturalist-open-data.s3.amazonaws.com/photos/394142377/medium.jpg,cc-by-nc-nd,222500819,research,29.6055777061,-98.9548931788
lythrum_ovalifolium_055.jpg,https://inaturalist-open-data.s3.amazonaws.com/photos/394142414/medium.jpg,cc-by-nc-nd,222500819,research,29.6055777061,-98.9548931788
lythrum_ovalifolium_056.jpg,https://inaturalist-open-data.s3.amazonaws.com/photos/394142469/medium.jpg,cc-by-nc-nd,222500819,research,29.6055777061,-98.9548931788
lythrum_ovalifolium_057.jpg,https://inaturalist-open-data.s3.amazonaws.com/photos/394142525/medium.jpg,cc-by-nc-nd,222500819,research,29.6055777061,-98.9548931788
lythrum_ovalifolium_058.jpg,https://inaturalist-open-data.s3.amazonaws.com/photos/394142566/medium.jpg,cc-by-nc-nd,222500819,research,29.6055777061,-98.9548931788
lythrum_ovalifolium_059.jpg,https://inaturalist-open-data.s3.amazonaws.com/photos/394142622/medium.jpg,cc-by-nc-nd,222500819,research,29.6055777061,-98.9548931788
lythrum_ovalifolium_060.jpeg,https://inaturalist-open-data.s3.amazonaws.com/photos/393786205/medium.jpeg,cc-by-nc,222312265,research,29.6408311353,-98.9705144951
lythrum_ovalifolium_061.jpeg,https://inaturalist-open-data.s3.amazonaws.com/photos/393786279/medium.jpeg,cc-by-nc,222312265,research,29.6408311353,-98.9705144951
lythrum_ovalifolium_062.jpeg,https://inaturalist-open-data.s3.amazonaws.com/photos/393786353/medium.jpeg,cc-by-nc,222312265,research,29.6408311353,-98.9705144951
lythrum_ovalifolium_063.jpg,https://inaturalist-open-data.s3.amazonaws.com/photos/393482780/medium.jpg,cc-by-nc-nd,222150254,research,29.6537748986,-98.9259763941
lythrum_ovalifolium_064.jpg,https://inaturalist-open-data.s3.amazonaws.com/photos/393482804/medium.jpg,cc-by-nc-nd,222150254,research,29.6537748986,-98.9259763941
lythrum_ovalifolium_065.jpg,https://inaturalist-open-data.s3.amazonaws.com/photos/393482831/medium.jpg,cc-by-nc-nd,222150254,research,29.6537748986,-98.9259763941
lythrum_ovalifolium_066.jpg,https://inaturalist-open-data.s3.amazonaws.com/photos/393482854/medium.jpg,cc-by-nc-nd,222150254,research,29.6537748986,-98.9259763941
lythrum_ovalifolium_067.jpg,https://inaturalist-open-data.s3.amazonaws.com/photos/393482901/medium.jpg,cc-by-nc-nd,222150254,research,29.6537748986,-98.9259763941
lythrum_ovalifolium_068.jpg,https://inaturalist-open-data.s3.amazonaws.com/photos/379340480/medium.jpg,cc-by-nc-nd,214604641,needs_id,29.6722035832,-98.8602168906
lythrum_ovalifolium_069.jpg,https://inaturalist-open-data.s3.amazonaws.com/photos/379340519/medium.jpg,cc-by-nc-nd,214604641,needs_id,29.6722035832,-98.8602168906
lythrum_ovalifolium_070.jpg,https://inaturalist-open-data.s3.amazonaws.com/photos/379340571/medium.jpg,cc-by-nc-nd,214604641,needs_id,29.6722035832,-98.8602168906
lythrum_ovalifolium_071.jpg,https://inaturalist-open-data.s3.amazonaws.com/photos/379340609/medium.jpg,cc-by-nc-nd,214604641,needs_id,29.6722035832,-98.8602168906
lythrum_ovalifolium_072.jpg,https://inaturalist-open-data.s3.amazonaws.com/photos/379340667/medium.jpg,cc-by-nc-nd,214604641,needs_id,29.6722035832,-98.8602168906
lythrum_ovalifolium_073.jpg,https://inaturalist-open-data.s3.amazonaws.com/photos/379340691/medium.jpg,cc-by-nc-nd,214604641,needs_id,29.6722035832,-98.8602168906
lythrum_ovalifolium_074.jpg,https://inaturalist-open-data.s3.amazonaws.com/photos/378679204/medium.jpg,cc-by-nc-nd,214249321,needs_id,29.6953414306,-98.8394922508
lythrum_ovalifolium_075.jpg,https://inaturalist-open-data.s3.amazonaws.com/photos/378679230/medium.jpg,cc-by-nc-nd,214249321,needs_id,29.6953414306,-98.8394922508
lythrum_ovalifolium_076.jpg,https://inaturalist-open-data.s3.amazonaws.com/photos/378679266/medium.jpg,cc-by-nc-nd,214249321,needs_id,29.6953414306,-98.8394922508
lythrum_ovalifolium_077.jpeg,https://inaturalist-open-data.s3.amazonaws.com/photos/368365091/medium.jpeg,cc-by,208211579,research,30.6180555556,-98.0739277778
lythrum_ovalifolium_078.jpeg,https://inaturalist-open-data.s3.amazonaws.com/photos/368365126/medium.jpeg,cc-by,208211579,research,30.6180555556,-98.0739277778
lythrum_ovalifolium_079.jpeg,https://inaturalist-open-data.s3.amazonaws.com/photos/368307109/medium.jpeg,cc-by-nc,208182741,needs_id,30.6180494031,-98.0738450435
lythrum_ovalifolium_080.jpeg,https://inaturalist-open-data.s3.amazonaws.com/photos/368307006/medium.jpeg,cc-by-nc,208182741,needs_id,30.6180494031,-98.0738450435
lythrum_ovalifolium_081.jpeg,https://inaturalist-open-data.s3.amazonaws.com/photos/368306999/medium.jpeg,cc-by-nc,208182741,needs_id,30.6180494031,-98.0738450435
lythrum_ovalifolium_082.jpeg,https://inaturalist-open-data.s3.amazonaws.com/photos/368306985/medium.jpeg,cc-by-nc,208182741,needs_id,30.6180494031,-98.0738450435
lythrum_ovalifolium_083.jpeg,https://inaturalist-open-data.s3.amazonaws.com/photos/263211596/medium.jpeg,cc-by-nc,152470006,needs_id,30.2961370351,-98.0719758454
lythrum_ovalifolium_084.jpg,https://inaturalist-open-data.s3.amazonaws.com/photos/199862185/medium.jpg,cc-by-nc,118304523,research,29.752414,-98.8995589722
lythrum_ovalifolium_085.jpg,https://inaturalist-open-data.s3.amazonaws.com/photos/199862204/medium.jpg,cc-by-nc,118304523,research,29.752414,-98.8995589722
lythrum_ovalifolium_086.jpeg,https://inaturalist-open-data.s3.amazonaws.com/photos/189058359/medium.jpeg,cc-by-nc,111963175,research,30.2850092832,-98.1794800278
lythrum_ovalifolium_087.jpeg,https://inaturalist-open-data.s3.amazonaws.com/photos/169087104/medium.jpeg,cc-by-nc,101259163,research,30.3471621165,-97.9770689043
lythrum_ovalifolium_088.jpeg,https://inaturalist-open-data.s3.amazonaws.com/photos/169087241/medium.jpeg,cc-by-nc,101259163,research,30.3471621165,-97.9770689043
lythrum_ovalifolium_089.jpg,https://inaturalist-open-data.s3.amazonaws.com/photos/166510642/medium.jpg,cc-by-nc,99833310,research,29.6231183862,-99.747164324
lythrum_ovalifolium_090.jpg,https://inaturalist-open-data.s3.amazonaws.com/photos/166510655/medium.jpg,cc-by-nc,99833310,research,29.6231183862,-99.747164324
lythrum_ovalifolium_091.jpg,https://inaturalist-open-data.s3.amazonaws.com/photos/166510665/medium.jpg,cc-by-nc,99833310,research,29.6231183862,-99.747164324
lythrum_ovalifolium_092.jpg,https://inaturalist-open-data.s3.amazonaws.com/photos/166510677/medium.jpg,cc-by-nc,99833310,research,29.6231183862,-99.747164324
lythrum_ovalifolium_093.jpeg,https://inaturalist-open-data.s3.amazonaws.com/photos/157809649/medium.jpeg,cc-by,95084094,research,30.3055554868,-97.8583658195
lythrum_ovalifolium_094.jpeg,https://inaturalist-open-data.s3.amazonaws.com/photos/157809677/medium.jpeg,cc-by,95084094,research,30.3055554868,-97.8583658195
lythrum_ovalifolium_095.jpeg,https://inaturalist-open-data.s3.amazonaws.com/photos/157809701/medium.jpeg,cc-by,95084094,research,30.3055554868,-97.8583658195
lythrum_ovalifolium_096.jpeg,https://inaturalist-open-data.s3.amazonaws.com/photos/157809721/medium.jpeg,cc-by,95084094,research,30.3055554868,-97.8583658195
lythrum_ovalifolium_097.jpeg,https://inaturalist-open-data.s3.amazonaws.com/photos/155189206/medium.jpeg,cc-by-nc,93620086,research,30.31866683,-98.14768899
lythrum_ovalifolium_098.jpeg,https://inaturalist-open-data.s3.amazonaws.com/photos/155189235/medium.jpeg,cc-by-nc,93620086,research,30.31866683,-98.14768899
lythrum_ovalifolium_099.jpeg,https://inaturalist-open-data.s3.amazonaws.com/photos/155189137/medium.jpeg,cc-by-nc,93620053,research,30.31863716,-98.14768061
lythrum_ovalifolium_100.jpeg,https://inaturalist-open-data.s3.amazonaws.com/photos/155189168/medium.jpeg,cc-by-nc,93620053,research,30.31863716,-98.14768061
lythrum_ovalifolium_101.jpeg,https://inaturalist-open-data.s3.amazonaws.com/photos/155180041/medium.jpeg,cc-by-nc,93615043,research,30.31653033,-98.15022833
lythrum_ovalifolium_102.jpeg,https://inaturalist-open-data.s3.amazonaws.com/photos/155180071/medium.jpeg,cc-by-nc,93615043,research,30.31653033,-98.15022833
lythrum_ovalifolium_103.jpeg,https://inaturalist-open-data.s3.amazonaws.com/photos/155180094/medium.jpeg,cc-by-nc,93615043,research,30.31653033,-98.15022833
lythrum_ovalifolium_104.jpeg,https://inaturalist-open-data.s3.amazonaws.com/photos/147686531/medium.jpeg,cc-by-nc,89433870,research,30.6196778394,-98.0731053667
lythrum_ovalifolium_105.jpeg,https://inaturalist-open-data.s3.amazonaws.com/photos/147686481/medium.jpeg,cc-by-nc,89433870,research,30.6196778394,-98.0731053667
lythrum_ovalifolium_106.jpeg,https://inaturalist-open-data.s3.amazonaws.com/photos/147686537/medium.jpeg,cc-by-nc,89433870,research,30.6196778394,-98.0731053667
lythrum_ovalifolium_107.jpeg,https://inaturalist-open-data.s3.amazonaws.com/photos/147686564/medium.jpeg,cc-by-nc,89433870,research,30.6196778394,-98.0731053667
lythrum_ovalifolium_108.jpg,https://inaturalist-open-data.s3.amazonaws.com/photos/131195843/medium.jpg,cc-by-nc-nd,80066333,research,29.7229351833,-99.7527470962
lythrum_ovalifolium_109.jpeg,https://inaturalist-open-data.s3.amazonaws.com/photos/112732144/medium.jpeg,cc-by-nc-nd,69473379,research,29.7219013125,-99.5568193375
lythrum_ovalifolium_110.jpg,https://inaturalist-open-data.s3.amazonaws.com/photos/60599308/medium.jpg,cc-by-nc,38154007,research,30.5439669556,-98.0108860104
lythrum_ovalifolium_111.jpg,https://inaturalist-open-data.s3.amazonaws.com/photos/53540909/medium.jpg,cc-by-nc,34048860,needs_id,,
lythrum_ovalifolium_112.jpg,https://inaturalist-open-data.s3.amazonaws.com/photos/51909205/medium.jpg,cc-by-nc,33069677,research,30.6539378127,-98.148747782
lythrum_ovalifolium_113.jpg,https://inaturalist-open-data.s3.amazonaws.com/photos/51909193/medium.jpg,cc-by-nc,33069677,research,30.6539378127,-98.148747782
lythrum_ovalifolium_114.jpg,https://inaturalist-open-data.s3.amazonaws.com/photos/51697990/medium.jpg,cc-by-nc,32938248,research,30.2981555556,-98.0652611111
lythrum_ovalifolium_115.jpg,https://inaturalist-open-data.s3.amazonaws.com/photos/51697996/medium.jpg,cc-by-nc,32938248,research,30.2981555556,-98.0652611111
lythrum_ovalifolium_116.jpg,https://inaturalist-open-data.s3.amazonaws.com/photos/51697992/medium.jpg,cc-by-nc,32938248,research,30.2981555556,-98.0652611111
lythrum_ovalifolium_117.jpg,https://inaturalist-open-data.s3.amazonaws.com/photos/48493427/medium.jpg,cc-by-nc,31013242,research,30.18378,-98.75252
lythrum_ovalifolium_118.jpg,https://inaturalist-open-data.s3.amazonaws.com/photos/48492823/medium.jpg,cc-by-nc,31012919,research,30.181987,-98.756
lythrum_ovalifolium_119.jpeg,https://inaturalist-open-data.s3.amazonaws.com/photos/47366280/medium.jpeg,cc-by-nc,30323439,research,30.3744301335,-98.1273184314
lythrum_ovalifolium_120.jpg,https://inaturalist-open-data.s3.amazonaws.com/photos/46744776/medium.jpg,cc-by-nc,29935257,research,30.2981555556,-98.0652611111
lythrum_ovalifolium_121.jpg,https://inaturalist-open-data.s3.amazonaws.com/photos/46744767/medium.jpg,cc-by-nc,29935257,research,30.2981555556,-98.0652611111
lythrum_ovalifolium_122.jpg,https://inaturalist-open-data.s3.amazonaws.com/photos/46744797/medium.jpg,cc-by-nc,29935257,research,30.2981555556,-98.0652611111
lythrum_ovalifolium_123.jpg,https://inaturalist-open-data.s3.amazonaws.com/photos/46744811/medium.jpg,cc-by-nc,29935257,research,30.2981555556,-98.0652611111
lythrum_ovalifolium_124.jpg,https://inaturalist-open-data.s3.amazonaws.com/photos/46744760/medium.jpg,cc-by-nc,29935257,research,30.2981555556,-98.0652611111
lythrum_ovalifolium_125.jpeg,https://inaturalist-open-data.s3.amazonaws.com/photos/44146216/medium.jpeg,cc-by-nc,28326169,research,30.3651103104,-97.7944655745
lythrum_ovalifolium_126.jpeg,https://inaturalist-open-data.s3.amazonaws.com/photos/44146213/medium.jpeg,cc-by-nc,28326169,research,30.3651103104,-97.7944655745
lythrum_ovalifolium_127.jpeg,https://inaturalist-open-data.s3.amazonaws.com/photos/44116309/medium.jpeg,cc-by,28307748,research,30.3477410748,-97.794883141
lythrum_ovalifolium_128.jpeg,https://inaturalist-open-data.s3.amazonaws.com/photos/44116284/medium.jpeg,cc-by,28307748,research,30.3477410748,-97.794883141
lythrum_ovalifolium_129.jpeg,https://inaturalist-open-data.s3.amazonaws.com/photos/43965984/medium.jpeg,cc-by,28214193,research,30.4508706354,-97.9157550527
lythrum_ovalifolium_130.jpeg,https://inaturalist-open-data.s3.amazonaws.com/photos/43965995/medium.jpeg,cc-by,28214193,research,30.4508706354,-97.9157550527
lythrum_ovalifolium_131.jpeg,https://inaturalist-open-data.s3.amazonaws.com/photos/43966007/medium.jpeg,cc-by,28214193,research,30.4508706354,-97.9157550527
lythrum_ovalifolium_132.jpeg,https://inaturalist-open-data.s3.amazonaws.com/photos/43966016/medium.jpeg,cc-by,28214193,research,30.4508706354,-97.9157550527
lythrum_ovalifolium_133.jpeg,https://inaturalist-open-data.s3.amazonaws.com/photos/41912997/medium.jpeg,cc-by-nc,26969214,needs_id,30.2176309779,-98.0757675599
lythrum_ovalifolium_134.jpeg,https://inaturalist-open-data.s3.amazonaws.com/photos/41912953/medium.jpeg,cc-by-nc,26969214,needs_id,30.2176309779,-98.0757675599
lythrum_ovalifolium_135.jpeg,https://inaturalist-open-data.s3.amazonaws.com/photos/41889887/medium.jpeg,cc-by-nc,26954765,research,30.218433275,-98.0785166205
lythrum_ovalifolium_136.jpeg,https://inaturalist-open-data.s3.amazonaws.com/photos/41889890/medium.jpeg,cc-by-nc,26954765,research,30.218433275,-98.0785166205
lythrum_ovalifolium_137.jpeg,https://inaturalist-open-data.s3.amazonaws.com/photos/20945236/medium.jpeg,cc-by-nc,14136129,research,29.5591113268,-98.7630455367
lythrum_ovalifolium_138.jpg,https://inaturalist-open-data.s3.amazonaws.com/photos/16957457/medium.jpg,cc-by-nc,11849018,research,30.7388810873,-98.0059651617
lythrum_ovalifolium_139.jpg,https://inaturalist-open-data.s3.amazonaws.com/photos/16957491/medium.jpg,cc-by-nc,11849018,research,30.7388810873,-98.0059651617
lythrum_ovalifolium_140.jpg,https://inaturalist-open-data.s3.amazonaws.com/photos/16957511/medium.jpg,cc-by-nc,11849018,research,30.7388810873,-98.0059651617
lythrum_ovalifolium_141.jpg,https://inaturalist-open-data.s3.amazonaws.com/photos/16957535/medium.jpg,cc-by-nc,11849018,research,30.7388810873,-98.0059651617
lythrum_ovalifolium_142.jpg,https://inaturalist-open-data.s3.amazonaws.com/photos/10863686/medium.jpg,cc-by-nc,8201574,needs_id,30.6993000182,-98.0164331334
lythrum_ovalifolium_143.jpg,https://inaturalist-open-data.s3.amazonaws.com/photos/7287207/medium.jpg,cc-by-nc,5854187,research,30.7537983845,-98.0287871651
lythrum_ovalifolium_144.jpg,https://inaturalist-open-data.s3.amazonaws.com/photos/7287196/medium.jpg,cc-by-nc,5854187,research,30.7537983845,-98.0287871651
lythrum_ovalifolium_145.jpg,https://inaturalist-open-data.s3.amazonaws.com/photos/7287198/medium.jpg,cc-by-nc,5854187,research,30.7537983845,-98.0287871651
lythrum_ovalifolium_146.jpg,https://inaturalist-open-data.s3.amazonaws.com/photos/7287203/medium.jpg,cc-by-nc,5854187,research,30.7537983845,-98.0287871651
lythrum_ovalifolium_147.jpg,https://inaturalist-open-data.s3.amazonaws.com/photos/7287195/medium.jpg,cc-by-nc,5854187,research,30.7537983845,-98.0287871651
lythrum_ovalifolium_148.jpg,https://inaturalist-open-data.s3.amazonaws.com/photos/7205385/medium.jpg,cc-by-nc,5798147,research,30.297675,-98.06807
lythrum_ovalifolium_149.jpg,https://inaturalist-open-data.s3.amazonaws.com/photos/7205391/medium.jpg,cc-by-nc,5798147,research,30.297675,-98.06807
lythrum_ovalifolium_150.jpg,https://inaturalist-open-data.s3.amazonaws.com/photos/7205393/medium.jpg,cc-by-nc,5798147,research,30.297675,-98.06807
lythrum_ovalifolium_151.jpg,https://inaturalist-open-data.s3.amazonaws.com/photos/7206842/medium.jpg,cc-by-nc,5798147,research,30.297675,-98.06807
lythrum_ovalifolium_152.jpg,https://inaturalist-open-data.s3.amazonaws.com/photos/7206875/medium.jpg,cc-by-nc,5798147,research,30.297675,-98.06807
lythrum_ovalifolium_153.jpeg,https://inaturalist-open-data.s3.amazonaws.com/photos/5289220/medium.jpeg,cc-by-nc-nd,4403766,research,29.6909416856,-98.9675588692
lythrum_ovalifolium_154.jpeg,https://inaturalist-open-data.s3.amazonaws.com/photos/5289226/medium.jpeg,cc-by-nc-nd,4403766,research,29.6909416856,-98.9675588692
lythrum_ovalifolium_155.jpeg,https://inaturalist-open-data.s3.amazonaws.com/photos/5289222/medium.jpeg,cc-by-nc-nd,4403766,research,29.6909416856,-98.9675588692
lythrum_ovalifolium_156.jpeg,https://inaturalist-open-data.s3.amazonaws.com/photos/5289224/medium.jpeg,cc-by-nc-nd,4403766,research,29.6909416856,-98.9675588692
lythrum_ovalifolium_157.jpg,https://inaturalist-open-data.s3.amazonaws.com/photos/2567802/medium.jpg,cc-by-nc,2309670,research,30.3615453538,-97.7935941517
lythrum_ovalifolium_158.jpg,https://inaturalist-open-data.s3.amazonaws.com/photos/1248286/medium.jpg,cc-by-nc,1019977,research,30.617823,-98.073868
lythrum_ovalifolium_159.jpg,https://inaturalist-open-data.s3.amazonaws.com/photos/1248287/medium.jpg,cc-by-nc,1019977,research,30.617823,-98.073868
lythrum_ovalifolium_160.jpg,https://inaturalist-open-data.s3.amazonaws.com/photos/1248288/medium.jpg,cc-by-nc,1019977,research,30.617823,-98.073868
