trait1,trait2,n_both,acc_both,acc_trait1_only,acc_trait2_only,synergy_score,interaction_type
calyx_with_alternate_long_and_small_teeth,one_or_few_flowers_in_the_axil_of_leaves,80,0.0,0.38802049126494154,,-0.38802049126494154,Antagonistic
calyx_with_alternate_long_and_small_teeth,stamens_2_3,80,0.0,0.38802049126494154,,-0.38802049126494154,Antagonistic
alternate_distally,rounded_at_the_base,10735,0.38667908709827664,,0.0,0.38667908709827664,Synergistic
inflorescence_spikelike,calyx_with_alternate_long_and_small_teeth,7585,0.3891891891891892,0.020969855832241154,0.018518518518518517,0.36944500201380936,Synergistic
calyx_with_alternate_long_and_small_teeth,stamens_12,7585,0.3891891891891892,0.018518518518518517,0.028433476394849784,0.36571319173250505,Synergistic
inflorescence_spikelike,stamens_12,7585,0.3891891891891892,0.020969855832241154,0.028433476394849784,0.36448752307564375,Synergistic
stamens_12,red_dotted,1864,0.028433476394849784,0.3891891891891892,,-0.36075571279433943,Antagonistic
stamens_12,solitary_in_leaf_axils,1864,0.028433476394849784,0.3891891891891892,,-0.36075571279433943,Antagonistic
inflorescence_spikelike,petals_white_to_pink,1323,0.02040816326530612,0.37968669748330763,,-0.3592785342180015,Antagonistic
calyx_with_alternate_long_and_small_teeth,petals_purple,7585,0.3891891891891892,0.018518518518518517,0.11149361465852305,0.3241831226006684,Synergistic
inflorescence_spikelike,petals_purple,7585,0.3891891891891892,0.020969855832241154,0.11149361465852305,0.3229574539438071,Synergistic
calyx_with_alternate_long_and_small_teeth,purple,28,0.07142857142857142,0.38512720156555774,,-0.3136986301369863,Antagonistic
leaves_opposite,rounded_at_the_base,10735,0.38667908709827664,0.14638354346383545,0.0,0.31348731536635893,Synergistic
inflorescence_spikelike,flower_tube_narrowly_cylindrical_without_red_dots,203,0.024630541871921183,0.3344185002245173,,-0.3097879583525961,Antagonistic
inflorescence_spikelike,stamens_4_6,203,0.024630541871921183,0.3344185002245173,,-0.3097879583525961,Antagonistic
inflorescence_spikelike,petals_lavender,203,0.024630541871921183,0.3344185002245173,,-0.3097879583525961,Antagonistic
inflorescence_spikelike,calyx_with_teeth_of_the_same_length,203,0.024630541871921183,0.3344185002245173,,-0.3097879583525961,Antagonistic
calyx_with_alternate_long_and_small_teeth,floral_tube_cylindrical,7585,0.3891891891891892,0.018518518518518517,0.19744877188220925,0.28120554398882536,Synergistic
inflorescence_spikelike,floral_tube_cylindrical,7585,0.3891891891891892,0.020969855832241154,0.19744877188220925,0.279979875331964,Synergistic
floral_tube_cylindrical,stamens_12,7585,0.3891891891891892,0.19744877188220925,0.028433476394849784,0.2762480650506597,Synergistic
floral_tube_cylindrical,petals_pale_purple_or_whitish,264,0.03409090909090909,0.29938733832539144,,-0.2652964292344824,Antagonistic
leaves_opposite,sessile,21586,0.2891689057722598,0.027257643991467174,0.024390243902439025,0.2633449618253067,Synergistic
sessile,obovate,70,0.02857142857142857,0.28850686260917785,,-0.25993543403774927,Antagonistic
sessile,leaves_opposite_but_sometimes_alternate,70,0.02857142857142857,0.28850686260917785,,-0.25993543403774927,Antagonistic
erect,sometimes_creeping,60,0.016666666666666666,0.2712871287128713,,-0.25462046204620464,Antagonistic
with_flowers_in_whorled_clusters,floral_tube_cylindrical,8776,0.3989288969917958,,0.14664940110067984,0.252279495891116,Synergistic
stamens_12,floral_tube_obconic,1864,0.028433476394849784,0.3891891891891892,0.16666666666666666,-0.24949445153307814,Antagonistic
leaves_opposite,a_discernible_gap_between_the_stem_and_the_base_of_the_blade,245,0.0,0.24870892018779342,,-0.24870892018779342,Antagonistic
leaves_opposite,petiolated,245,0.0,0.24870892018779342,,-0.24870892018779342,Antagonistic
leaves_opposite,rounded_base,88,0.0,0.24719057432826536,,-0.24719057432826536,Antagonistic
leaves_opposite,sessile_base_narrowly_attenuate,1921,0.018740239458615304,0.26465416178194606,,-0.24591392232333076,Antagonistic
leaves_opposite,alternate_distally,10735,0.38667908709827664,0.14638354346383545,,0.2402955436344412,Synergistic
petals_purple,red_dotted,1864,0.028433476394849784,0.2650414233328806,,-0.23660794693803083,Antagonistic
petals_purple,solitary_in_leaf_axils,1864,0.028433476394849784,0.2650414233328806,,-0.23660794693803083,Antagonistic
sessile_or_subsessile,leaves_mostly_alternate,122,0.01639344262295082,0.25,,-0.2336065573770492,Antagonistic
leaves_opposite,getting_narrower_at_the_base,1715,0.4618075801749271,0.23100871731008718,,0.23079886286483994,Synergistic
stamens_12,inflorescence_raceme,1864,0.028433476394849784,0.3891891891891892,0.12570160553452553,-0.22901192096700757,Antagonistic
sessile,purple,24,0.041666666666666664,0.28794097302282684,0.25,-0.22730381984474676,Antagonistic
leaves_opposite,distally_alternate,1866,0.03965702036441586,0.26245874932119134,,-0.22280172895677547,Antagonistic
leaves_opposite,stamens_12,6683,0.3911417028280712,0.1957431231042778,0.1413593637020969,0.22259045942488387,Synergistic
leaves_opposite,linear,1778,0.04161979752530934,0.2614974819994173,,-0.21987768447410797,Antagonistic
inflorescence_spikelike,base_attenuate,181,0.027624309392265192,0.3335946248600224,0.14277845103007603,-0.210562228552784,Antagonistic
calyx_with_alternate_long_and_small_teeth,needle_like_leaves,71,0.0,0.38756231960115456,0.03278688524590164,-0.2101746024235281,Antagonistic
calyx_with_alternate_long_and_small_teeth,prostrate,65,0.0,0.38725747246984793,0.025925925925925925,-0.20659169919788692,Antagonistic
sessile,stamens_12,6683,0.3911417028280712,0.2416478104618661,0.1413593637020969,0.1996381157460897,Synergistic
floral_tube_cylindrical,usually_with_a_darker_midrib,264,0.03409090909090909,0.29938733832539144,0.16666666666666666,-0.19893609340511995,Antagonistic
sessile,alternate_distally,10735,0.38667908709827664,0.1908146528157463,,0.19586443428253034,Synergistic
sessile,rounded_at_the_base,10739,0.38653505913027286,0.19088422971741112,,0.19565082941286174,Synergistic
inflorescence_spikelike,stamens_5_8,1323,0.02040816326530612,0.37968669748330763,0.044009779951100246,-0.1914400754518978,Antagonistic
sessile,getting_narrower_at_the_base,1715,0.4618075801749271,0.2727318195458638,,0.18907576062906334,Synergistic
petals_purple,floral_tube_obconic,1864,0.028433476394849784,0.2650414233328806,0.16666666666666666,-0.18742056860492384,Antagonistic
petals_purple,stamens_12,9449,0.3180230712244682,0.1331746254026047,,0.18484844582186352,Synergistic
erect,stamens_12,6071,0.3897216274089936,0.2229751957365616,0.1891651865008881,0.18365143629026873,Synergistic
floral_tube_cylindrical,inflorescence_spikelike_to_raceme,1191,0.4609571788413098,0.28031679139722443,,0.1806403874440854,Synergistic
floral_tube_cylindrical,petals_rose_to_purple,1191,0.4609571788413098,0.28031679139722443,,0.1806403874440854,Synergistic
floral_tube_cylindrical,stamens_10_14,1191,0.4609571788413098,0.28031679139722443,,0.1806403874440854,Synergistic
base_attenuate,sessile_or_subsessile,122,0.01639344262295082,0.1421847635726795,0.25,-0.17969893916338894,Antagonistic
sessile,inflorescence_spikelike,6864,0.38155594405594406,0.24425732569888853,0.16243880729862037,0.17820787755718961,Synergistic
erect,inflorescence_spikelike,6071,0.3897216274089936,0.2229751957365616,0.20328947368421052,0.17658929269860751,Synergistic
stamens_12,base_obtuse_to_truncate,1669,0.02756141402037148,0.38033419023136245,0.02359882005899705,-0.17440509112480826,Antagonistic
stamens_12,leaves_alternate,1669,0.02756141402037148,0.38033419023136245,0.02302025782688766,-0.17411581000875356,Antagonistic
stamens_12,subsessile,1669,0.02756141402037148,0.38033419023136245,0.022920203735144314,-0.1740657829628819,Antagonistic
inflorescence_spikelike,sessile_base_narrowly_attenuate,1144,0.02097902097902098,0.371532571858918,0.015444015444015444,-0.17250927267244576,Antagonistic
inflorescence_spikelike,floral_tube_campanulate,1323,0.02040816326530612,0.37968669748330763,0.0,-0.1694351854763477,Antagonistic
stamens_12,sprawling_or_ascending,1503,0.028609447771124417,0.3727661716586962,0.022850924918389554,-0.16919910051741846,Antagonistic
inflorescence_spikelike,prostrate_and_spreading,1022,0.022504892367906065,0.3660526641117567,0.015363128491620111,-0.16820300393378235,Antagonistic
inflorescence_spikelike,prostrate_to_weakly_erect,164,0.03048780487804878,0.33296076897284005,0.056074766355140186,-0.16402996278594134,Antagonistic
calyx_with_alternate_long_and_small_teeth,leaves_alternate,24,0.041666666666666664,0.3850567218672578,0.025631636763090444,-0.16367751264850747,Antagonistic
sessile,becoming_alternate_distally,8473,0.1504779889059365,0.3754910849199154,0.25,-0.16226755355402117,Antagonistic
erect,obovate,58,0.017241379310344827,0.2712615500660004,0.08333333333333333,-0.16005606238932202,Antagonistic
erect,leaves_opposite_but_sometimes_alternate,58,0.017241379310344827,0.2712615500660004,0.08333333333333333,-0.16005606238932202,Antagonistic
with_flowers_in_whorled_clusters,calyx_with_alternate_long_and_small_teeth,7585,0.3891891891891892,0.4609571788413098,0.018518518518518517,0.14945134050927505,Synergistic
erect,leaves_alternate,23,0.0,0.27086176872028994,0.025988286969253295,-0.14842502784477163,Antagonistic
inflorescence_spikelike,with_flowers_in_whorled_clusters,7585,0.3891891891891892,0.020969855832241154,0.4609571788413098,0.14822567185241373,Synergistic
calyx_with_alternate_long_and_small_teeth,creeping,21,0.047619047619047616,0.38490615224191865,0.0,-0.1448340285019117,Antagonistic
with_flowers_in_whorled_clusters,stamens_12,7585,0.3891891891891892,0.4609571788413098,0.028433476394849784,0.1444938615711094,Synergistic
floral_tube_narrowly_obconic_without_red_dots,stamens_6,165,0.0,,0.1443054015523523,-0.1443054015523523,Antagonistic
petals_pale_purple_to_purple,stamens_6,165,0.0,,0.1443054015523523,-0.1443054015523523,Antagonistic
sessile,flowers_solitary,24,0.041666666666666664,0.28794097302282684,0.08333333333333333,-0.14397048651141342,Antagonistic
leaves_opposite,becoming_alternate_distally,8481,0.15057186652517393,0.2932348187485569,,-0.14266295222338296,Antagonistic
erect,petals_reddish,31,0.03225806451612903,0.270916709826263,0.07692307692307693,-0.14166182885854092,Antagonistic
erect,petals_minute,31,0.03225806451612903,0.270916709826263,0.07692307692307693,-0.14166182885854092,Antagonistic
leaves_opposite,prostrate_and_spreading,1701,0.0188124632569077,0.26240458015267176,0.05405405405405406,-0.13941685384645522,Antagonistic
sessile,leaves_alternate,53,0.018867924528301886,0.28832656076837826,0.025906735751295335,-0.1382487237315349,Antagonistic
solitary_in_leaf_axils,floral_tube_obconic,1864,0.028433476394849784,,0.16666666666666666,-0.13823319027181688,Antagonistic
floral_tube_obconic,red_dotted,1864,0.028433476394849784,0.16666666666666666,,-0.13823319027181688,Antagonistic
erect,rounded_base,71,0.0,0.2714750695787537,0.0,-0.13573753478937686,Antagonistic
erect,petals_pinkish_to_white,38,0.0,0.2710531273549359,0.0,-0.13552656367746796,Antagonistic
rounded_at_the_base,petals_purple,6683,0.3911417028280712,0.3789447731755424,0.135459775916019,0.1339394282822905,Synergistic
alternate_distally,petals_purple,6683,0.3911417028280712,0.3793188548864758,0.135459775916019,0.13375238742682377,Synergistic
petals_pale_purple_or_whitish,usually_with_a_darker_midrib,264,0.03409090909090909,,0.16666666666666666,-0.13257575757575757,Antagonistic
rounded_at_the_base,stamens_12,6683,0.3911417028280712,0.3789447731755424,0.1413593637020969,0.13098963438925154,Synergistic
alternate_distally,stamens_12,6683,0.3911417028280712,0.3793188548864758,0.1413593637020969,0.13080259353378482,Synergistic
sessile,sometimes_creeping,58,0.017241379310344827,0.2883931458131264,0.0,-0.12695519359621837,Antagonistic
base_attenuate,leaves_mostly_alternate,122,0.01639344262295082,0.1421847635726795,,-0.1257913209497287,Antagonistic
rounded_at_the_base,inflorescence_spikelike,6683,0.3911417028280712,0.3789447731755424,0.15238879736408567,0.12547491755825718,Synergistic
alternate_distally,inflorescence_spikelike,6683,0.3911417028280712,0.3793188548864758,0.15238879736408567,0.12528787670279046,Synergistic
sessile,usually_with_a_darker_midrib,241,0.03734439834024896,0.29047885224520215,0.034482758620689655,-0.12513640709269694,Antagonistic
leaves_opposite,calyx_with_alternate_long_and_small_teeth,6683,0.3911417028280712,0.1957431231042778,0.33663366336633666,0.12495330959276396,Synergistic
leaves_opposite,base_rounded,245,0.0,0.24870892018779342,0.0,-0.12435446009389671,Antagonistic
leaves_opposite,creeping_to_weakly_erect,219,0.0,0.2484561869772532,0.0,-0.1242280934886266,Antagonistic
leaves_opposite,petals_pale_purple_to_purple,139,0.0,0.24768175796773942,0.0,-0.12384087898386971,Antagonistic
leaves_opposite,floral_tube_narrowly_obconic_without_red_dots,139,0.0,0.24768175796773942,0.0,-0.12384087898386971,Antagonistic
leaves_opposite,petals_pinkish_to_white,47,0.0,0.24679711157698578,0.0,-0.12339855578849289,Antagonistic
calyx_with_alternate_long_and_small_teeth,flowers_solitary,28,0.07142857142857142,0.38512720156555774,0.0,-0.12113502935420745,Antagonistic
leaves_opposite,stamens_10_14,1039,0.4629451395572666,0.2372607607203424,0.4473684210526316,0.12063054867077966,Synergistic
leaves_opposite,petals_rose_to_purple,1039,0.4629451395572666,0.2372607607203424,0.4473684210526316,0.12063054867077966,Synergistic
leaves_opposite,inflorescence_spikelike_to_raceme,1039,0.4629451395572666,0.2372607607203424,0.4473684210526316,0.12063054867077966,Synergistic
sessile,erect,19202,0.29111550880116654,0.26126844834463503,0.0797872340425532,0.12058766760757245,Synergistic
stamens_6,floral_tube_obconic_without_red_dots,85,0.023529411764705882,0.14218676677616143,,-0.11865735501145555,Antagonistic
stamens_6,petals_pale_purple_to_purple_sometimes_with_red_midribs,85,0.023529411764705882,0.14218676677616143,,-0.11865735501145555,Antagonistic
leaves_opposite,subsessile,161,0.018633540372670808,0.2477772578380908,0.026061057334326135,-0.11828561721353764,Antagonistic
leaves_opposite,with_flowers_in_whorled_clusters,7722,0.4008029008029008,0.18039042194326163,0.38519924098671726,0.11800806933791136,Synergistic
sessile,stamens_4_6,181,0.027624309392265192,0.2898550724637681,0.0,-0.11730322683961887,Antagonistic
sessile,flower_tube_narrowly_cylindrical_without_red_dots,181,0.027624309392265192,0.2898550724637681,0.0,-0.11730322683961887,Antagonistic
sessile,calyx_with_teeth_of_the_same_length,181,0.027624309392265192,0.2898550724637681,0.0,-0.11730322683961887,Antagonistic
sessile,petals_lavender,181,0.027624309392265192,0.2898550724637681,0.0,-0.11730322683961887,Antagonistic
erect,distally_alternate,1643,0.041387705416920266,0.2897539104295104,0.026905829596412557,-0.1169421645960412,Antagonistic
leaves_opposite,often_with_a_darker_midrib,93,0.03225806451612903,0.24712196639701306,0.05,-0.11630291868237749,Antagonistic
leaves_opposite,petals_pinkish,93,0.03225806451612903,0.24712196639701306,0.05,-0.11630291868237749,Antagonistic
leaves_opposite,petals_white_to_pink,1144,0.02097902097902098,0.25680223835205385,0.01675977653631285,-0.11580198646516236,Antagonistic
leaves_opposite,floral_tube_campanulate,1144,0.02097902097902098,0.25680223835205385,0.016666666666666666,-0.11575543153033928,Antagonistic
erect,linear,1572,0.043256997455470736,0.2887095136562087,0.02912621359223301,-0.11566086616875013,Antagonistic
sessile,creeping,35,0.02857142857142857,0.2880871089784996,0.0,-0.11547212591782123,Antagonistic
petals_purple,base_obtuse_to_truncate,1669,0.02756141402037148,0.262046779706454,0.02359882005899705,-0.11526138586235404,Antagonistic
petals_purple,leaves_alternate,1669,0.02756141402037148,0.262046779706454,0.02302025782688766,-0.11497210474629935,Antagonistic
petals_purple,subsessile,1669,0.02756141402037148,0.262046779706454,0.022920203735144314,-0.11492207770042767,Antagonistic
leaves_opposite,prostrate,143,0.02097902097902098,0.24760346036941783,0.020833333333333332,-0.1132393758723546,Antagonistic
petals_purple,sprawling_or_ascending,1503,0.028609447771124417,0.2593623649499569,0.022850924918389554,-0.11249719716304882,Antagonistic
stamens_6,petals_pale_purple_or_whitish,264,0.03409090909090909,0.14515609913099453,,-0.11106519004008544,Antagonistic
leaves_opposite,stamens_5_8,2242,0.03345227475468332,0.2666044221873276,0.01948051948051948,-0.10959019607924023,Antagonistic
inflorescence_raceme,floral_tube_narrowly_obconic_without_red_dots,165,0.0,0.10854700854700855,,-0.10854700854700855,Antagonistic
inflorescence_raceme,petals_pale_purple_to_purple,165,0.0,0.10854700854700855,,-0.10854700854700855,Antagonistic
stamens_6,usually_with_a_darker_midrib,270,0.037037037037037035,0.14513530927835053,,-0.10809827224131349,Antagonistic
sessile,petals_pale_purple_or_whitish,241,0.03734439834024896,0.29047885224520215,0.0,-0.1078950277823521,Antagonistic
floral_tube_cylindrical,base_attenuate,5456,0.14772727272727273,0.37913244893661824,0.13019463440294582,-0.10693626894250927,Antagonistic
erect,usually_with_a_darker_midrib,223,0.04035874439461883,0.2730080296479308,0.02127659574468085,-0.10678356830168698,Antagonistic
floral_tube_cylindrical,becoming_alternate_distally,5215,0.15282837967401725,0.37067460724920426,0.14696876913655849,-0.10599330851886413,Antagonistic
sessile,prostrate_to_weakly_erect,266,0.041353383458646614,0.2907242456745791,0.0,-0.10400873937864294,Antagonistic
with_flowers_in_whorled_clusters,petals_purple,7585,0.3891891891891892,0.4609571788413098,0.11149361465852305,0.10296379243927278,Synergistic
erect,stamens_5_8,977,0.04912998976458546,0.2812299807815503,0.02097902097902098,-0.10197451111570019,Antagonistic
inflorescence_raceme,stamens_6,6434,0.14128069630090145,0.03461662892267874,0.045454545454545456,0.10124510911228936,Synergistic
rounded_at_the_base,erect,9663,0.3854910483286764,0.395910780669145,0.17489446023951064,0.10008842787434863,Synergistic
alternate_distally,erect,9660,0.38561076604554867,0.39627906976744187,0.1748492678725237,0.10004659722556586,Synergistic
sessile,petals_rose_to_purple,1039,0.4629451395572666,0.27885824866956943,0.4473684210526316,0.0998318046961661,Synergistic
sessile,stamens_10_14,1039,0.4629451395572666,0.27885824866956943,0.4473684210526316,0.0998318046961661,Synergistic
sessile,inflorescence_spikelike_to_raceme,1039,0.4629451395572666,0.27885824866956943,0.4473684210526316,0.0998318046961661,Synergistic
leaves_opposite,erect,20799,0.2720323092456368,0.13963244107071515,0.2059447983014862,0.09924368955953614,Synergistic
inflorescence_raceme,solitary_in_leaf_axils,1864,0.028433476394849784,0.12570160553452553,,-0.09726812913967575,Antagonistic
inflorescence_raceme,red_dotted,1864,0.028433476394849784,0.12570160553452553,,-0.09726812913967575,Antagonistic
sessile,calyx_with_alternate_long_and_small_teeth,6707,0.38989115849112865,0.241967737634982,0.3438133874239351,0.0970005959616701,Synergistic
erect,calyx_with_alternate_long_and_small_teeth,6071,0.3897216274089936,0.2229751957365616,0.3625154130702836,0.09697632300557096,Synergistic
inflorescence_raceme,floral_tube_obconic,1870,0.028877005347593583,0.12566949706074462,,-0.09679249171315105,Antagonistic
erect,becoming_alternate_distally,7594,0.14998683170924415,0.337525592278444,0.1555806087936866,-0.09656626882682112,Antagonistic
petals_purple,linear,1098,0.04644808743169399,0.2520655822359928,0.033823529411764704,-0.09649646839218476,Antagonistic
leaves_opposite,calyx_with_teeth_of_the_same_length,181,0.027624309392265192,0.24789260068685606,0.0,-0.09632199095116284,Antagonistic
leaves_opposite,petals_lavender,181,0.027624309392265192,0.24789260068685606,0.0,-0.09632199095116284,Antagonistic
leaves_opposite,stamens_4_6,181,0.027624309392265192,0.24789260068685606,0.0,-0.09632199095116284,Antagonistic
leaves_opposite,flower_tube_narrowly_cylindrical_without_red_dots,181,0.027624309392265192,0.24789260068685606,0.0,-0.09632199095116284,Antagonistic
leaves_alternate,purple,24,0.041666666666666664,0.025631636763090444,0.25,-0.09614915171487856,Antagonistic
erect,petals_pale_purple_or_whitish,222,0.04054054054054054,0.27299505891296083,0.0,-0.09595698891593987,Antagonistic
stamens_6,petals_reddish,44,0.045454545454545456,0.14128069630090145,,-0.095826150846356,Antagonistic
stamens_6,petals_minute,44,0.045454545454545456,0.14128069630090145,,-0.095826150846356,Antagonistic
erect,with_flowers_in_whorled_clusters,7022,0.3988892053545998,0.20732734418865806,0.3990877993158495,0.09568163360234605,Synergistic
sessile,with_flowers_in_whorled_clusters,7722,0.4008029008029008,0.22520912275684565,0.38519924098671726,0.09559871893111938,Synergistic
petals_purple,inflorescence_raceme,9005,0.11149361465852305,0.3891891891891892,0.023076923076923078,-0.09463944147453311,Antagonistic
petals_purple,distally_alternate,1098,0.04644808743169399,0.2520655822359928,0.029947916666666668,-0.09455866201963575,Antagonistic
rounded_at_the_base,floral_tube_cylindrical,6683,0.3911417028280712,0.3789447731755424,0.21678152581308185,0.09327855333375906,Synergistic
petals_purple,stamens_5_8,1227,0.044009779951100246,0.2539868515263946,0.02040816326530612,-0.09318772744475012,Antagonistic
alternate_distally,floral_tube_cylindrical,6683,0.3911417028280712,0.3793188548864758,0.21678152581308185,0.09309151247829234,Synergistic
floral_tube_cylindrical,getting_narrower_at_the_base,1039,0.4629451395572666,0.2821415738411786,0.46005917159763315,0.09184476683786075,Synergistic
erect,getting_narrower_at_the_base,1551,0.45970341715022567,0.25569247933465183,0.4817073170731707,0.09100351894631442,Synergistic
sessile,petals_minute,37,0.05405405405405406,0.2880675526024363,0.0,-0.0899797222471641,Antagonistic
sessile,petals_reddish,37,0.05405405405405406,0.2880675526024363,0.0,-0.0899797222471641,Antagonistic
erect,petals_rose_to_purple,951,0.45741324921135645,0.26182390865692207,0.475,0.08900129488289543,Synergistic
erect,stamens_10_14,951,0.45741324921135645,0.26182390865692207,0.475,0.08900129488289543,Synergistic
erect,inflorescence_spikelike_to_raceme,951,0.45741324921135645,0.26182390865692207,0.475,0.08900129488289543,Synergistic
leaves_opposite,petals_pale_purple_or_whitish,241,0.03734439834024896,0.24831794711312782,0.0,-0.08681457521631494,Antagonistic
leaves_opposite,petals_purple,12996,0.26638965835641737,0.2260129596377547,0.13745130773511408,0.084657524669983,Synergistic
sessile,petals_purple,11898,0.2866868381240545,0.28885944348180614,0.11615515771526001,0.0841795375255214,Synergistic
inflorescence_raceme,petals_pale_purple_to_purple_sometimes_with_red_midribs,85,0.023529411764705882,0.10741525423728814,,-0.08388584247258225,Antagonistic
inflorescence_raceme,floral_tube_obconic_without_red_dots,85,0.023529411764705882,0.10741525423728814,,-0.08388584247258225,Antagonistic
erect,base_attenuate,7924,0.14525492175668855,0.3449722763374794,0.11244377811094453,-0.08345310546752341,Antagonistic
leaves_opposite,usually_with_a_darker_midrib,244,0.040983606557377046,0.24830796917178513,0.0,-0.08317037802851551,Antagonistic
leaves_opposite,prostrate_to_weakly_erect,266,0.041353383458646614,0.24848271271388855,0.0,-0.08288797289829766,Antagonistic
floral_tube_cylindrical,petals_purple,13499,0.28513223201718646,0.3835051546391753,0.03461662892267874,0.07607134023625944,Synergistic
inflorescence_raceme,petals_pale_purple_or_whitish,264,0.03409090909090909,0.10873555771514955,,-0.07464464862424046,Antagonistic
sessile,stamens_6,5493,0.14709630438740215,0.3352861371484953,0.10456852791878173,-0.07283102814623638,Antagonistic
petiolated,stamens_6,139,0.0,0.0,0.14371351948256822,-0.07185675974128411,Antagonistic
base_rounded,stamens_6,139,0.0,0.0,0.14371351948256822,-0.07185675974128411,Antagonistic
a_discernible_gap_between_the_stem_and_the_base_of_the_blade,stamens_6,139,0.0,0.0,0.14371351948256822,-0.07185675974128411,Antagonistic
with_flowers_in_whorled_clusters,petals_rose_to_purple,1191,0.4609571788413098,0.3891891891891892,,0.07176798965212061,Synergistic
with_flowers_in_whorled_clusters,stamens_10_14,1191,0.4609571788413098,0.3891891891891892,,0.07176798965212061,Synergistic
with_flowers_in_whorled_clusters,inflorescence_spikelike_to_raceme,1191,0.4609571788413098,0.3891891891891892,,0.07176798965212061,Synergistic
creeping_to_weakly_erect,stamens_6,127,0.0,0.0,0.14344197764131633,-0.07172098882065817,Antagonistic
inflorescence_raceme,usually_with_a_darker_midrib,270,0.037037037037037035,0.10869800108049703,,-0.07166096404346,Antagonistic
flowers_solitary,purple,28,0.07142857142857142,0.0,,0.07142857142857142,Synergistic
erect,stamens_6,4956,0.14548022598870056,0.3085693269584406,0.12483574244415244,-0.07122230871259597,Antagonistic
leaves_opposite,inflorescence_spikelike,8008,0.33004495504495507,0.208686857335506,0.30915684496826834,0.07112310389306792,Synergistic
floral_tube_cylindrical,inflorescence_raceme,6178,0.14664940110067984,0.3989288969917958,0.03286525246489393,-0.06924767362766501,Antagonistic
erect,inflorescence_raceme,5902,0.1301253812267028,0.3245054659031754,0.06845155948109302,-0.06635313146543143,Antagonistic
sessile,base_attenuate,9136,0.1421847635726795,0.3933826453511493,0.01639344262295082,-0.06270328041437057,Antagonistic
floral_tube_cylindrical,stamens_6,6178,0.14664940110067984,0.3989288969917958,0.016666666666666666,-0.06114838072855139,Antagonistic
prostrate,petals_pink,45,0.06666666666666667,0.013793103448275862,0.0,0.059770114942528735,Synergistic
prostrate,minute,45,0.06666666666666667,0.013793103448275862,0.0,0.059770114942528735,Synergistic
petals_purple,becoming_alternate_distally,5215,0.15282837967401725,0.2777142857142857,0.14696876913655849,-0.059513147751404843,Antagonistic
needle_like_leaves,minute,48,0.0625,0.006896551724137931,0.0,0.059051724137931035,Synergistic
petals_pink,needle_like_leaves,48,0.0625,0.0,0.006896551724137931,0.059051724137931035,Synergistic
petals_pink,minute,51,0.058823529411764705,0.0,,0.058823529411764705,Synergistic
leaves_opposite,floral_tube_cylindrical,13178,0.29602367582334194,0.19450384097568701,0.2849099099099099,0.056316800380543486,Synergistic
inflorescence_raceme,becoming_alternate_distally,5218,0.15293215791490994,0.050615277455305314,0.14679742568188783,0.05422580634631337,Synergistic
inflorescence_raceme,a_discernible_gap_between_the_stem_and_the_base_of_the_blade,139,0.0,0.10824632431280631,0.0,-0.05412316215640316,Antagonistic
inflorescence_raceme,base_rounded,139,0.0,0.10824632431280631,0.0,-0.05412316215640316,Antagonistic
inflorescence_raceme,petiolated,139,0.0,0.10824632431280631,0.0,-0.05412316215640316,Antagonistic
inflorescence_raceme,creeping_to_weakly_erect,127,0.0,0.10810810810810811,0.0,-0.05405405405405406,Antagonistic
obovate,petals_minute,37,0.05405405405405406,0.0,0.0,0.05405405405405406,Synergistic
obovate,petals_reddish,37,0.05405405405405406,0.0,0.0,0.05405405405405406,Synergistic
leaves_opposite_but_sometimes_alternate,petals_reddish,37,0.05405405405405406,0.0,0.0,0.05405405405405406,Synergistic
leaves_opposite_but_sometimes_alternate,petals_minute,37,0.05405405405405406,0.0,0.0,0.05405405405405406,Synergistic
inflorescence_raceme,base_attenuate,5529,0.14613854223186834,0.05205205205205205,0.13220702601233575,0.054009003199674444,Synergistic
base_attenuate,erect_or_decumbent,109,0.01834862385321101,0.14198273035304404,0.0,-0.05264274132331101,Antagonistic
leaves_opposite,stamens_6,5598,0.14415862808145766,0.2746572969762953,0.11818181818181818,-0.052260929497599085,Antagonistic
base_attenuate,usually_with_a_darker_midrib,241,0.03734439834024896,0.14328490628812243,0.034482758620689655,-0.051539434114157075,Antagonistic
petals_purple,base_attenuate,5215,0.15282837967401725,0.2777142857142857,0.12465990601038833,-0.04835871618831977,Neutral
base_obtuse_to_truncate,inflorescence_raceme,1669,0.02756141402037148,0.02359882005899705,0.1234725050916497,-0.04597424855495189,Neutral
leaves_alternate,inflorescence_raceme,1669,0.02756141402037148,0.02302025782688766,0.1234725050916497,-0.045684967438897196,Neutral
subsessile,inflorescence_raceme,1669,0.02756141402037148,0.022920203735144314,0.1234725050916497,-0.04563494039302552,Neutral
sessile,inflorescence_raceme,5456,0.14772727272727273,0.33464591152402634,0.05160973212091423,-0.04540054909519756,Neutral
base_attenuate,stamens_4_6,181,0.027624309392265192,0.14277845103007603,0.0,-0.04376491612277282,Neutral
base_attenuate,flower_tube_narrowly_cylindrical_without_red_dots,181,0.027624309392265192,0.14277845103007603,0.0,-0.04376491612277282,Neutral
base_attenuate,petals_lavender,181,0.027624309392265192,0.14277845103007603,0.0,-0.04376491612277282,Neutral
base_attenuate,calyx_with_teeth_of_the_same_length,181,0.027624309392265192,0.14277845103007603,0.0,-0.04376491612277282,Neutral
leaves_opposite,inflorescence_raceme,6696,0.12813620071684587,0.2877701606572819,0.05585012371862849,-0.04367394147110934,Neutral
stamens_6,leaves_mostly_alternate,73,0.0273972602739726,0.14192037470725996,0.0,-0.04356292707965738,Neutral
inflorescence_raceme,sprawling_or_ascending,1503,0.028609447771124417,0.1212914485165794,0.022850924918389554,-0.04346173894636005,Neutral
base_attenuate,floral_tube_obconic_without_red_dots,73,0.0273972602739726,0.14142623843222646,0.0,-0.04331585894214063,Neutral
base_attenuate,petals_pale_purple_to_purple_sometimes_with_red_midribs,73,0.0273972602739726,0.14142623843222646,0.0,-0.04331585894214063,Neutral
erect,petals_purple,11750,0.26595744680851063,0.2762605042016807,0.17169421487603306,0.04198008726965374,Neutral
distally_alternate,linear,1778,0.04161979752530934,0.0,,0.04161979752530934,Neutral
distally_alternate,rounded_base,88,0.0,0.04161979752530934,,-0.04161979752530934,Neutral
stamens_6,sessile_or_subsessile,76,0.039473684210526314,0.14183067791315215,0.018518518518518517,-0.04070091400530902,Neutral
stamens_6,erect_or_decumbent,65,0.03076923076923077,0.14174333385311086,0.0,-0.04010243615732466,Neutral
stamens_6,sometimes_creeping,31,0.03225806451612903,0.14115092290988057,0.0,-0.038317396938811255,Neutral
with_flowers_in_whorled_clusters,getting_narrower_at_the_base,1039,0.4629451395572666,0.39033217009176685,0.46005917159763315,0.037749468712566625,Neutral
stamens_6,becoming_alternate_distally,5218,0.15293215791490994,0.08968253968253968,0.14679742568188783,0.03469217523269619,Neutral
base_attenuate,petals_pale_purple_or_whitish,241,0.03734439834024896,0.14328490628812243,0.0,-0.034298054803812254,Neutral
rounded_at_the_base,calyx_with_alternate_long_and_small_teeth,6683,0.3911417028280712,0.3789447731755424,0.33663366336633666,0.033352484557131634,Neutral
alternate_distally,calyx_with_alternate_long_and_small_teeth,6683,0.3911417028280712,0.3793188548864758,0.33663366336633666,0.033165443701664965,Neutral
floral_tube_obconic_without_red_dots,erect_or_decumbent,65,0.03076923076923077,0.0,0.0,0.03076923076923077,Neutral
petals_pale_purple_to_purple_sometimes_with_red_midribs,erect_or_decumbent,65,0.03076923076923077,0.0,0.0,0.03076923076923077,Neutral
base_attenuate,prostrate_to_weakly_erect,266,0.041353383458646614,0.14346085409252668,0.0,-0.030377043587616726,Neutral
sessile_or_subsessile,erect_or_decumbent,109,0.01834862385321101,0.09523809523809523,0.0,-0.029270423765836606,Neutral
inflorescence_raceme,linear,1098,0.04644808743169399,0.11451287528183221,0.033823529411764704,-0.02772011491510446,Neutral
erect,floral_tube_cylindrical,11946,0.29474301021262345,0.2395967395967396,0.2945478723404255,0.02767070424404089,Neutral
floral_tube_obconic_without_red_dots,leaves_mostly_alternate,73,0.0273972602739726,0.0,0.0,0.0273972602739726,Neutral
petals_pale_purple_to_purple_sometimes_with_red_midribs,leaves_mostly_alternate,73,0.0273972602739726,0.0,0.0,0.0273972602739726,Neutral
inflorescence_raceme,leaves_mostly_alternate,73,0.0273972602739726,0.10727888277613204,0.0,-0.02624218111409342,Neutral
inflorescence_raceme,distally_alternate,1098,0.04644808743169399,0.11451287528183221,0.029947916666666668,-0.025782308542555442,Neutral
stamens_6,base_attenuate,5529,0.14613854223186834,0.10853530031612224,0.13220702601233575,0.025767379067639345,Neutral
leaves_opposite_but_sometimes_alternate,sometimes_creeping,58,0.017241379310344827,0.08333333333333333,0.0,-0.024425287356321837,Neutral
obovate,sometimes_creeping,58,0.017241379310344827,0.08333333333333333,0.0,-0.024425287356321837,Neutral
inflorescence_raceme,stamens_5_8,1227,0.044009779951100246,0.11593154977102917,0.02040816326530612,-0.024160076567067403,Neutral
creeping,purple,21,0.047619047619047616,0.0,0.14285714285714285,-0.023809523809523808,Neutral
petals_white_to_pink,stamens_5_8,1323,0.02040816326530612,,0.044009779951100246,-0.023601616685794125,Neutral
inflorescence_raceme,sessile_or_subsessile,76,0.039473684210526314,0.10720711186368928,0.018518518518518517,-0.023389130980577585,Neutral
inflorescence_raceme,erect_or_decumbent,65,0.03076923076923077,0.10718816067653276,0.0,-0.02282484956903561,Neutral
distally_alternate,stamens_5_8,1098,0.04644808743169399,0.029947916666666668,0.02066115702479339,0.021143550585963962,Neutral
floral_tube_campanulate,petals_white_to_pink,1323,0.02040816326530612,0.0,,0.02040816326530612,Neutral
petals_pinkish_to_white,distally_alternate,47,0.0,0.0,0.04068169323804288,-0.02034084661902144,Neutral
stamens_5_8,linear,1098,0.04644808743169399,0.02066115702479339,0.033823529411764704,0.019205744213414946,Neutral
leaves_mostly_alternate,erect_or_decumbent,109,0.01834862385321101,0.0,0.0,0.01834862385321101,Neutral
leaves_opposite,base_attenuate,9136,0.1421847635726795,0.30343751874737535,0.01639344262295082,-0.017730717112483585,Neutral
sessile_base_narrowly_attenuate,prostrate_and_spreading,1701,0.0188124632569077,0.01818181818181818,0.05405405405405406,-0.01730547286102842,Neutral
leaves_alternate,sprawling_or_ascending,2388,0.02680067001675042,0.01907356948228883,0.0,0.017263885275606003,Neutral
subsessile,sprawling_or_ascending,2388,0.02680067001675042,0.0196078431372549,0.0,0.01699674844812297,Neutral
base_obtuse_to_truncate,sprawling_or_ascending,2388,0.02680067001675042,0.020134228187919462,0.0,0.016733555922790688,Neutral
stamens_6,leaves_opposite_but_sometimes_alternate,37,0.05405405405405406,0.14112715416860735,0.0,-0.01650952303024962,Neutral
stamens_6,obovate,37,0.05405405405405406,0.14112715416860735,0.0,-0.01650952303024962,Neutral
stamens_2_3,needle_like_leaves,71,0.0,0.0,0.03278688524590164,-0.01639344262295082,Neutral
one_or_few_flowers_in_the_axil_of_leaves,needle_like_leaves,71,0.0,0.0,0.03278688524590164,-0.01639344262295082,Neutral
sessile,floral_tube_cylindrical,13178,0.29602367582334194,0.27476263040675186,0.2849099099099099,0.016187405665011034,Neutral
leaves_alternate,creeping,35,0.02857142857142857,0.025735294117647058,0.0,0.015703781512605042,Neutral
creeping,flowers_solitary,21,0.047619047619047616,0.0,0.06666666666666667,0.014285714285714284,Neutral
prostrate,petals_pinkish,81,0.037037037037037035,0.015748031496062992,0.03125,0.013538021289005539,Neutral
prostrate,often_with_a_darker_midrib,81,0.037037037037037035,0.015748031496062992,0.03125,0.013538021289005539,Neutral
prostrate,one_or_few_flowers_in_the_axil_of_leaves,65,0.0,0.025925925925925925,0.0,-0.012962962962962963,Neutral
prostrate,stamens_2_3,65,0.0,0.025925925925925925,0.0,-0.012962962962962963,Neutral
leaves_alternate,flowers_solitary,24,0.041666666666666664,0.025631636763090444,0.08333333333333333,-0.012815818381545226,Neutral
prostrate,needle_like_leaves,180,0.022222222222222223,0.01935483870967742,0.0,0.012544802867383513,Neutral
leaves_alternate,base_obtuse_to_truncate,2686,0.026061057334326135,0.014492753623188406,,0.011568303711137729,Neutral
alternate_distally,with_flowers_in_whorled_clusters,6683,0.3911417028280712,0.3793188548864758,0.4237935977066412,-0.010414523468487313,Neutral
rounded_at_the_base,with_flowers_in_whorled_clusters,6683,0.3911417028280712,0.3789447731755424,0.4237935977066412,-0.010227482613020589,Neutral
sessile_or_subsessile,petals_pale_purple_to_purple_sometimes_with_red_midribs,73,0.0273972602739726,0.03508771929824561,0.0,0.009853400624849795,Neutral
sessile_or_subsessile,floral_tube_obconic_without_red_dots,73,0.0273972602739726,0.03508771929824561,0.0,0.009853400624849795,Neutral
subsessile,leaves_alternate,2686,0.026061057334326135,0.018633540372670808,0.014492753623188406,0.009497910336396527,Neutral
getting_narrower_at_the_base,petals_rose_to_purple,1039,0.4629451395572666,0.46005917159763315,0.4473684210526316,0.00923134323213426,Neutral
getting_narrower_at_the_base,inflorescence_spikelike_to_raceme,1039,0.4629451395572666,0.46005917159763315,0.4473684210526316,0.00923134323213426,Neutral
getting_narrower_at_the_base,stamens_10_14,1039,0.4629451395572666,0.46005917159763315,0.4473684210526316,0.00923134323213426,Neutral
base_attenuate,becoming_alternate_distally,8473,0.1504779889059365,0.033121019108280254,0.25,0.008917479351796376,Neutral
floral_tube_campanulate,prostrate_and_spreading,1022,0.022504892367906065,0.013245033112582781,0.015363128491620111,0.008200811565804619,Neutral
petals_white_to_pink,prostrate_and_spreading,1022,0.022504892367906065,0.013289036544850499,0.015363128491620111,0.00817880984967076,Neutral
subsessile,base_obtuse_to_truncate,2686,0.026061057334326135,0.018633540372670808,,0.007427516961655327,Neutral
sessile_base_narrowly_attenuate,stamens_5_8,1144,0.02097902097902098,0.015444015444015444,0.04054054054054054,-0.007013257013257012,Neutral
sometimes_creeping,petals_reddish,31,0.03225806451612903,0.0,0.07692307692307693,-0.006203473945409432,Neutral
sometimes_creeping,petals_minute,31,0.03225806451612903,0.0,0.07692307692307693,-0.006203473945409432,Neutral
subsessile,often_with_a_darker_midrib,93,0.03225806451612903,0.025417574437182282,0.05,-0.0054507227024621074,Neutral
subsessile,petals_pinkish,93,0.03225806451612903,0.025417574437182282,0.05,-0.0054507227024621074,Neutral
sessile_base_narrowly_attenuate,floral_tube_campanulate,1144,0.02097902097902098,0.015444015444015444,0.016666666666666666,0.0049236799236799245,Neutral
sessile_base_narrowly_attenuate,petals_white_to_pink,1144,0.02097902097902098,0.015444015444015444,0.01675977653631285,0.004877124988856833,Neutral
stamens_5_8,prostrate_and_spreading,1022,0.022504892367906065,0.03795811518324607,0.015363128491620111,-0.004155729469527025,Neutral
base_obtuse_to_truncate,floral_tube_obconic,1669,0.02756141402037148,0.02359882005899705,0.03980099502487562,-0.004138493521564854,Neutral
petals_purple,stamens_6,5914,0.1516739939127494,0.2865305357811915,0.024822695035460994,-0.004002621495576814,Neutral
leaves_alternate,floral_tube_obconic,1669,0.02756141402037148,0.02302025782688766,0.03980099502487562,-0.003849212405510158,Neutral
subsessile,floral_tube_obconic,1669,0.02756141402037148,0.022920203735144314,0.03980099502487562,-0.003799185359638489,Neutral
solitary_in_leaf_axils,sprawling_or_ascending,1503,0.028609447771124417,0.027700831024930747,0.022850924918389554,0.003333569799464267,Neutral
red_dotted,sprawling_or_ascending,1503,0.028609447771124417,0.027700831024930747,0.022850924918389554,0.003333569799464267,Neutral
flower_tube_narrowly_cylindrical_without_red_dots,prostrate_to_weakly_erect,164,0.03048780487804878,0.0,0.056074766355140186,0.0024504217004786867,Neutral
calyx_with_teeth_of_the_same_length,prostrate_to_weakly_erect,164,0.03048780487804878,0.0,0.056074766355140186,0.0024504217004786867,Neutral
petals_lavender,prostrate_to_weakly_erect,164,0.03048780487804878,0.0,0.056074766355140186,0.0024504217004786867,Neutral
stamens_4_6,prostrate_to_weakly_erect,164,0.03048780487804878,0.0,0.056074766355140186,0.0024504217004786867,Neutral
subsessile,prostrate,143,0.02097902097902098,0.025887573964497042,0.020833333333333332,-0.002381432669894209,Neutral
floral_tube_obconic,sprawling_or_ascending,1503,0.028609447771124417,0.02997275204359673,0.022850924918389554,0.0021976092901312763,Neutral
base_obtuse_to_truncate,red_dotted,1669,0.02756141402037148,0.02359882005899705,0.035897435897435895,-0.0021867139578449907,Neutral
base_obtuse_to_truncate,solitary_in_leaf_axils,1669,0.02756141402037148,0.02359882005899705,0.035897435897435895,-0.0021867139578449907,Neutral
leaves_alternate,red_dotted,1669,0.02756141402037148,0.02302025782688766,0.035897435897435895,-0.0018974328417902947,Neutral
leaves_alternate,solitary_in_leaf_axils,1669,0.02756141402037148,0.02302025782688766,0.035897435897435895,-0.0018974328417902947,Neutral
subsessile,solitary_in_leaf_axils,1669,0.02756141402037148,0.022920203735144314,0.035897435897435895,-0.0018474057959186226,Neutral
subsessile,red_dotted,1669,0.02756141402037148,0.022920203735144314,0.035897435897435895,-0.0018474057959186226,Neutral
floral_tube_campanulate,stamens_5_8,1323,0.02040816326530612,0.0,0.044009779951100246,-0.0015967267102440022,Neutral
base_rounded,creeping_to_weakly_erect,219,0.0,0.0,0.0,0.0,Neutral
creeping_to_weakly_erect,petals_pale_purple_to_purple,127,0.0,0.0,0.0,0.0,Neutral
a_discernible_gap_between_the_stem_and_the_base_of_the_blade,floral_tube_narrowly_obconic_without_red_dots,139,0.0,0.0,0.0,0.0,Neutral
a_discernible_gap_between_the_stem_and_the_base_of_the_blade,creeping_to_weakly_erect,219,0.0,0.0,0.0,0.0,Neutral
base_rounded,petals_pale_purple_to_purple,139,0.0,0.0,0.0,0.0,Neutral
base_rounded,floral_tube_narrowly_obconic_without_red_dots,139,0.0,0.0,0.0,0.0,Neutral
petiolated,petals_pale_purple_to_purple,139,0.0,0.0,0.0,0.0,Neutral
base_rounded,a_discernible_gap_between_the_stem_and_the_base_of_the_blade,245,0.0,0.0,,0.0,Neutral
petiolated,floral_tube_narrowly_obconic_without_red_dots,139,0.0,0.0,0.0,0.0,Neutral
petiolated,creeping_to_weakly_erect,219,0.0,0.0,0.0,0.0,Neutral
petiolated,base_rounded,245,0.0,,0.0,0.0,Neutral
petals_pinkish_to_white,rounded_base,47,0.0,0.0,0.0,0.0,Neutral
creeping_to_weakly_erect,floral_tube_narrowly_obconic_without_red_dots,127,0.0,0.0,0.0,0.0,Neutral
a_discernible_gap_between_the_stem_and_the_base_of_the_blade,petals_pale_purple_to_purple,139,0.0,0.0,0.0,0.0,Neutral
