trait,n_images,acc_with,acc_without,impact,p_value,error_dist,stratified,p_value_adj,significant
getting_narrower_at_the_base,1715,0.4618075801749271,0.21043093651134934,0.2513766436635778,6.556206430390686e-131,"error_type                                  False Negative  False Positive  \
trait_getting_narrower_at_the_base_present                                   
0                                                 0.242989         0.54658   
1                                                 0.538192         0.00000   

error_type                                  True Negative  True Positive  
trait_getting_narrower_at_the_base_present                                
0                                                0.055411       0.155020  
1                                                0.000000       0.461808  ","{0: {'with': 0.4618075801749271, 'without': 0.38948911869115604, 'impact': 0.07231846148377108}, 1: {'with': nan, 'without': 0.09204551252614929, 'impact': nan}}",3.324933261126705e-130,Yes
stamens_10_14,1191,0.4609571788413098,0.21444333605392824,0.2465138427873816,2.2864976473282636e-89,"error_type                   False Negative  False Positive  True Negative  \
trait_stamens_10_14_present                                                  
0                                  0.247635        0.537922       0.054533   
1                                  0.539043        0.000000       0.000000   

error_type                   True Positive  
trait_stamens_10_14_present                 
0                                 0.159911  
1                                 0.460957  ","{0: {'with': 0.4609571788413098, 'without': 0.39237501854324286, 'impact': 0.06858216029806696}, 1: {'with': nan, 'without': 0.09204551252614929, 'impact': nan}}",6.49365331841227e-89,Yes
petals_rose_to_purple,1191,0.4609571788413098,0.21444333605392824,0.2465138427873816,2.2864976473282636e-89,"error_type                           False Negative  False Positive  \
trait_petals_rose_to_purple_present                                   
0                                          0.247635        0.537922   
1                                          0.539043        0.000000   

error_type                           True Negative  True Positive  
trait_petals_rose_to_purple_present                                
0                                         0.054533       0.159911  
1                                         0.000000       0.460957  ","{0: {'with': 0.4609571788413098, 'without': 0.39237501854324286, 'impact': 0.06858216029806696}, 1: {'with': nan, 'without': 0.09204551252614929, 'impact': nan}}",6.49365331841227e-89,Yes
inflorescence_spikelike_to_raceme,1191,0.4609571788413098,0.21444333605392824,0.2465138427873816,2.2864976473282636e-89,"error_type                                       False Negative  \
trait_inflorescence_spikelike_to_raceme_present                   
0                                                      0.247635   
1                                                      0.539043   

error_type                                       False Positive  \
trait_inflorescence_spikelike_to_raceme_present                   
0                                                      0.537922   
1                                                      0.000000   

error_type                                       True Negative  True Positive  
trait_inflorescence_spikelike_to_raceme_present                                
0                                                     0.054533       0.159911  
1                                                     0.000000       0.460957  ","{0: {'with': 0.4609571788413098, 'without': 0.39237501854324286, 'impact': 0.06858216029806696}, 1: {'with': nan, 'without': 0.09204551252614929, 'impact': nan}}",6.49365331841227e-89,Yes
alternate_distally,10735,0.38667908709827664,0.1483621532055912,0.23831693389268543,0.0,"error_type                        False Negative  False Positive  \
trait_alternate_distally_present                                   
0                                       0.095594        0.756044   
1                                       0.613321        0.000000   

error_type                        True Negative  True Positive  
trait_alternate_distally_present                                
0                                      0.075541       0.072822  
1                                      0.002422       0.384257  ","{0: {'with': 0.38519002708002614, 'without': 0.43239152371342077, 'impact': -0.047201496633394624}, 1: {'with': 1.0, 'without': 0.0908394216522761, 'impact': 0.9091605783477239}}",0.0,Yes
rounded_at_the_base,10739,0.38653505913027286,0.1483873709259338,0.23814768820433907,0.0,"error_type                         False Negative  False Positive  \
trait_rounded_at_the_base_present                                   
0                                        0.095610        0.756002   
1                                        0.613092        0.000372   

error_type                         True Negative  True Positive  
trait_rounded_at_the_base_present                                
0                                       0.075553       0.072834  
1                                       0.002421       0.384114  ","{0: {'with': 0.38519002708002614, 'without': 0.43239152371342077, 'impact': -0.047201496633394624}, 1: {'with': 0.8666666666666667, 'without': 0.09085798967755122, 'impact': 0.7758086769891155}}",0.0,Yes
with_flowers_in_whorled_clusters,8776,0.3989288969917958,0.16245685597740822,0.23647204101438757,0.0,"error_type                                      False Negative  \
trait_with_flowers_in_whorled_clusters_present                   
0                                                     0.139591   
1                                                     0.601071   

error_type                                      False Positive  True Negative  \
trait_with_flowers_in_whorled_clusters_present                                  
0                                                     0.697953       0.070089   
1                                                     0.000000       0.001937   

error_type                                      True Positive  
trait_with_flowers_in_whorled_clusters_present                 
0                                                    0.092367  
1                                                    0.396992  ","{0: {'with': 0.39776230163260645, 'without': 0.3982076428812986, 'impact': -0.00044534124869216596}, 1: {'with': 1.0, 'without': 0.09125727709120621, 'impact': 0.9087427229087938}}",0.0,Yes
base_rounded,252,0.0,0.22466196355085244,-0.22466196355085244,2.6712056976037286e-17,"error_type                  False Negative  False Positive  True Negative  \
trait_base_rounded_present                                                  
0                                 0.259671        0.515667       0.053028   
1                                 0.000000        1.000000       0.000000   

error_type                  True Positive  
trait_base_rounded_present                 
0                                0.171634  
1                                0.000000  ","{0: {'with': nan, 'without': 0.397941797860015, 'impact': nan}, 1: {'with': 0.0, 'without': 0.09324443066108441, 'impact': -0.09324443066108441}}",5.578106015584258e-17,Yes
a_discernible_gap_between_the_stem_and_the_base_of_the_blade,245,0.0,0.22461574631909953,-0.22461574631909953,7.505731489902081e-17,"error_type                                          False Negative  \
trait_a_discernible_gap_between_the_stem_and_th...                   
0                                                         0.259617   
1                                                         0.000000   

error_type                                          False Positive  \
trait_a_discernible_gap_between_the_stem_and_th...                   
0                                                         0.515767   
1                                                         1.000000   

error_type                                          True Negative  \
trait_a_discernible_gap_between_the_stem_and_th...                  
0                                                        0.053017   
1                                                        0.000000   

error_type                                          True Positive  
trait_a_discernible_gap_between_the_stem_and_th...                 
0                                                        0.171599  
1                                                        0.000000  ","{0: {'with': nan, 'without': 0.397941797860015, 'impact': nan}, 1: {'with': 0.0, 'without': 0.09321070579725121, 'impact': -0.09321070579725121}}",1.4802970438417994e-16,Yes
petiolated,245,0.0,0.22461574631909953,-0.22461574631909953,7.505731489902081e-17,"error_type                False Negative  False Positive  True Negative  \
trait_petiolated_present                                                  
0                               0.259617        0.515767       0.053017   
1                               0.000000        1.000000       0.000000   

error_type                True Positive  
trait_petiolated_present                 
0                              0.171599  
1                              0.000000  ","{0: {'with': nan, 'without': 0.397941797860015, 'impact': nan}, 1: {'with': 0.0, 'without': 0.09321070579725121, 'impact': -0.09321070579725121}}",1.4802970438417994e-16,Yes
creeping_to_weakly_erect,225,0.0,0.22448380180338942,-0.22448380180338942,1.4365913205785809e-15,"error_type                              False Negative  False Positive  \
trait_creeping_to_weakly_erect_present                                   
0                                             0.259465        0.516051   
1                                             0.000000        1.000000   

error_type                              True Negative  True Positive  
trait_creeping_to_weakly_erect_present                                
0                                            0.052986       0.171498  
1                                            0.000000       0.000000  ","{0: {'with': nan, 'without': 0.397941797860015, 'impact': nan}, 1: {'with': 0.0, 'without': 0.09311448332817178, 'impact': -0.09311448332817178}}",2.7567022638129525e-15,Yes
floral_tube_narrowly_obconic_without_red_dots,165,0.0,0.22408889670742077,-0.22408889670742077,1.0132929106690427e-11,"error_type                                          False Negative  \
trait_floral_tube_narrowly_obconic_without_red_...                   
0                                                         0.259008   
1                                                         0.000000   

error_type                                          False Positive  \
trait_floral_tube_narrowly_obconic_without_red_...                   
0                                                         0.516903   
1                                                         1.000000   

error_type                                          True Negative  \
trait_floral_tube_narrowly_obconic_without_red_...                  
0                                                        0.052892   
1                                                        0.000000   

error_type                                          True Positive  
trait_floral_tube_narrowly_obconic_without_red_...                 
0                                                        0.171197  
1                                                        0.000000  ","{0: {'with': nan, 'without': 0.397941797860015, 'impact': nan}, 1: {'with': 0.0, 'without': 0.09282700421940929, 'impact': -0.09282700421940929}}",1.712947539464334e-11,Yes
petals_pale_purple_to_purple,165,0.0,0.22408889670742077,-0.22408889670742077,1.0132929106690427e-11,"error_type                                  False Negative  False Positive  \
trait_petals_pale_purple_to_purple_present                                   
0                                                 0.259008        0.516903   
1                                                 0.000000        1.000000   

error_type                                  True Negative  True Positive  
trait_petals_pale_purple_to_purple_present                                
0                                                0.052892       0.171197  
1                                                0.000000       0.000000  ","{0: {'with': nan, 'without': 0.397941797860015, 'impact': nan}, 1: {'with': 0.0, 'without': 0.09282700421940929, 'impact': -0.09282700421940929}}",1.712947539464334e-11,Yes
rounded_base,88,0.0,0.22358413292768547,-0.22358413292768547,9.392949349901326e-07,"error_type                  False Negative  False Positive  True Negative  \
trait_rounded_base_present                                                  
0                                 0.258425        0.517991       0.052773   
1                                 0.000000        1.000000       0.000000   

error_type                  True Positive  
trait_rounded_base_present                 
0                                0.170811  
1                                0.000000  ","{0: {'with': nan, 'without': 0.397941797860015, 'impact': nan}, 1: {'with': 0.0, 'without': 0.09246066321562196, 'impact': -0.09246066321562196}}",1.2824988535442195e-06,Yes
stamens_2_3,80,0.0,0.22353182030884416,-0.22353182030884416,3.116919985508918e-06,"error_type                 False Negative  False Positive  True Negative  \
trait_stamens_2_3_present                                                  
0                                0.258365        0.518104       0.052761   
1                                0.000000        1.000000       0.000000   

error_type                 True Positive  
trait_stamens_2_3_present                 
0                               0.170771  
1                               0.000000  ","{0: {'with': nan, 'without': 0.397941797860015, 'impact': nan}, 1: {'with': 0.0, 'without': 0.09242276755981352, 'impact': -0.09242276755981352}}",3.951809267341664e-06,Yes
one_or_few_flowers_in_the_axil_of_leaves,80,0.0,0.22353182030884416,-0.22353182030884416,3.116919985508918e-06,"error_type                                          False Negative  \
trait_one_or_few_flowers_in_the_axil_of_leaves_...                   
0                                                         0.258365   
1                                                         0.000000   

error_type                                          False Positive  \
trait_one_or_few_flowers_in_the_axil_of_leaves_...                   
0                                                         0.518104   
1                                                         1.000000   

error_type                                          True Negative  \
trait_one_or_few_flowers_in_the_axil_of_leaves_...                  
0                                                        0.052761   
1                                                        0.000000   

error_type                                          True Positive  
trait_one_or_few_flowers_in_the_axil_of_leaves_...                 
0                                                        0.170771  
1                                                        0.000000  ","{0: {'with': nan, 'without': 0.397941797860015, 'impact': nan}, 1: {'with': 0.0, 'without': 0.09242276755981352, 'impact': -0.09242276755981352}}",3.951809267341664e-06,Yes
petals_pinkish_to_white,58,0.0,0.2233880867481148,-0.2233880867481148,8.648443842772988e-05,"error_type                             False Negative  False Positive  \
trait_petals_pinkish_to_white_present                                   
0                                            0.258198        0.518414   
1                                            0.000000        1.000000   

error_type                             True Negative  True Positive  
trait_petals_pinkish_to_white_present                                
0                                           0.052727       0.170661  
1                                           0.000000       0.000000  ","{0: {'with': nan, 'without': 0.397941797860015, 'impact': nan}, 1: {'with': 0.0, 'without': 0.09231871449772273, 'impact': -0.09231871449772273}}",0.00010407449370116646,Yes
sometimes_alternate_distally,18,0.0,0.22312722601739943,-0.22312722601739943,0.04655110797490031,"error_type                                  False Negative  False Positive  \
trait_sometimes_alternate_distally_present                                   
0                                                 0.257897        0.518976   
1                                                 0.000000        1.000000   

error_type                                  True Negative  True Positive  
trait_sometimes_alternate_distally_present                                
0                                                0.052665       0.170462  
1                                                0.000000       0.000000  ","{0: {'with': nan, 'without': 0.397941797860015, 'impact': nan}, 1: {'with': 0.0, 'without': 0.09213012614268934, 'impact': -0.09213012614268934}}",0.04790041545243365,Yes
leaves_with_petiole,10,0.0,0.22307512696281595,-0.22307512696281595,0.18867375430933359,"error_type                         False Negative  False Positive  \
trait_leaves_with_petiole_present                                   
0                                        0.257837        0.519088   
1                                        0.000000        1.000000   

error_type                         True Negative  True Positive  
trait_leaves_with_petiole_present                                
0                                       0.052653       0.170422  
1                                       0.000000       0.000000  ","{0: {'with': nan, 'without': 0.397941797860015, 'impact': nan}, 1: {'with': 0.0, 'without': 0.09209250089335852, 'impact': -0.09209250089335852}}",0.18867375430933359,No
sessile_base_narrowly_attenuate,1921,0.018740239458615304,0.2351395629192297,-0.21639932346061438,2.5865987357450715e-108,"error_type                                     False Negative  False Positive  \
trait_sessile_base_narrowly_attenuate_present                                   
0                                                    0.273067        0.491793   
1                                                    0.000000        0.981260   

error_type                                     True Negative  True Positive  
trait_sessile_base_narrowly_attenuate_present                                
0                                                   0.054651       0.180489  
1                                                   0.018740       0.000000  ","{0: {'with': nan, 'without': 0.397941797860015, 'impact': nan}, 1: {'with': 0.018740239458615304, 'without': 0.10001131349700193, 'impact': -0.08127107403838663}}",1.0202695013216671e-107,Yes
subsessile,2847,0.02564102564102564,0.24089101034208432,-0.2152499847010587,1.4983937385959393e-153,"error_type                False Negative  False Positive  True Negative  \
trait_subsessile_present                                                  
0                               0.281114        0.477995       0.055084   
1                               0.000000        0.974359       0.025641   

error_type                True Positive  
trait_subsessile_present                 
0                              0.185807  
1                              0.000000  ","{0: {'with': nan, 'without': 0.397941797860015, 'impact': nan}, 1: {'with': 0.02564102564102564, 'without': 0.10333094555873926, 'impact': -0.07768991991771362}}",1.0638595544031168e-152,Yes
leaves_alternate,2755,0.025771324863883848,0.24025129295300948,-0.21447996808912564,5.034498888928099e-148,"error_type                      False Negative  False Positive  True Negative  \
trait_leaves_alternate_present                                                  
0                                     0.280293        0.479456       0.054986   
1                                     0.000000        0.974229       0.025771   

error_type                      True Positive  
trait_leaves_alternate_present                 
0                                    0.185265  
1                                    0.000000  ","{0: {'with': nan, 'without': 0.397941797860015, 'impact': nan}, 1: {'with': 0.025771324863883848, 'without': 0.10288530040370458, 'impact': -0.07711397553982073}}",2.978745175949125e-147,Yes
prostrate_and_spreading,1738,0.019562715765247412,0.2338784041310629,-0.2143156883658155,7.639979375686542e-97,"error_type                             False Negative  False Positive  \
trait_prostrate_and_spreading_present                                   
0                                            0.271531        0.494590   
1                                            0.000000        0.980437   

error_type                             True Negative  True Positive  
trait_prostrate_and_spreading_present                                
0                                           0.054405       0.179474  
1                                           0.019563       0.000000  ","{0: {'with': nan, 'without': 0.397941797860015, 'impact': nan}, 1: {'with': 0.019562715765247412, 'without': 0.09909859470354404, 'impact': -0.07953587893829663}}",2.8549396614407607e-96,Yes
base_obtuse_to_truncate,2686,0.026061057334326135,0.23975812068638006,-0.2136970633520539,1.2409815749424985e-143,"error_type                             False Negative  False Positive  \
trait_base_obtuse_to_truncate_present                                   
0                                            0.279681        0.480561   
1                                            0.000000        0.973939   

error_type                             True Negative  True Positive  
trait_base_obtuse_to_truncate_present                                
0                                           0.054898        0.18486  
1                                           0.026061        0.00000  ","{0: {'with': nan, 'without': 0.397941797860015, 'impact': nan}, 1: {'with': 0.026061057334326135, 'without': 0.10252468515343227, 'impact': -0.07646362781910614}}",6.77766860160903e-143,Yes
sprawling_or_ascending,2422,0.026424442609413706,0.23795918367346938,-0.21153474106405568,3.683035056438302e-128,"error_type                            False Negative  False Positive  \
trait_sprawling_or_ascending_present                                   
0                                           0.277363        0.484678   
1                                           0.000000        0.973576   

error_type                            True Negative  True Positive  
trait_sprawling_or_ascending_present                                
0                                          0.054631       0.183328  
1                                          0.026424       0.000000  ","{0: {'with': nan, 'without': 0.397941797860015, 'impact': nan}, 1: {'with': 0.026424442609413706, 'without': 0.1012982476567503, 'impact': -0.0748738050473366}}",1.6343468062944965e-127,Yes
floral_tube_campanulate,1324,0.02039274924471299,0.2311521184897414,-0.21075936924502842,1.1330479677875087e-72,"error_type                             False Negative  False Positive  \
trait_floral_tube_campanulate_present                                   
0                                            0.268119        0.500728   
1                                            0.000000        0.979607   

error_type                             True Negative  True Positive  
trait_floral_tube_campanulate_present                                
0                                           0.053933       0.177219  
1                                           0.020393       0.000000  ","{0: {'with': nan, 'without': 0.397941797860015, 'impact': nan}, 1: {'with': 0.02039274924471299, 'without': 0.09723666210670315, 'impact': -0.07684391286199016}}",2.6815468570971037e-72,Yes
petals_white_to_pink,1323,0.02040816326530612,0.23114510303802846,-0.21073693977272234,1.3208660125316304e-72,"error_type                          False Negative  False Positive  \
trait_petals_white_to_pink_present                                   
0                                         0.268111        0.500744   
1                                         0.000000        0.979592   

error_type                          True Negative  True Positive  
trait_petals_white_to_pink_present                                
0                                        0.053932       0.177213  
1                                        0.020408       0.000000  ","{0: {'with': nan, 'without': 0.397941797860015, 'impact': nan}, 1: {'with': 0.02040816326530612, 'without': 0.0972313416502517, 'impact': -0.07682317838494558}}",3.025209254507928e-72,Yes
calyx_with_alternate_long_and_small_teeth,7693,0.38398544131028206,0.17641747244064862,0.20756796886963344,0.0,"error_type                                          False Negative  \
trait_calyx_with_alternate_long_and_small_teeth...                   
0                                                         0.158057   
1                                                         0.602236   

error_type                                          False Positive  \
trait_calyx_with_alternate_long_and_small_teeth...                   
0                                                         0.665525   
1                                                         0.013779   

error_type                                          True Negative  \
trait_calyx_with_alternate_long_and_small_teeth...                  
0                                                        0.067158   
1                                                        0.002470   

error_type                                          True Positive  
trait_calyx_with_alternate_long_and_small_teeth...                 
0                                                        0.109259  
1                                                        0.381516  ","{0: {'with': 0.3878171247357294, 'without': 0.4087262491203378, 'impact': -0.020909124384608402}, 1: {'with': 0.152, 'without': 0.0916606757728253, 'impact': 0.060339324227174695}}",0.0,Yes
leaves_mostly_alternate,122,0.01639344262295082,0.22374816983894583,-0.20735472721599502,7.313287422711888e-08,"error_type                             False Negative  False Positive  \
trait_leaves_mostly_alternate_present                                   
0                                            0.258682        0.517570   
1                                            0.000000        0.983607   

error_type                             True Negative  True Positive  
trait_leaves_mostly_alternate_present                                
0                                           0.052767       0.170981  
1                                           0.016393       0.000000  ","{0: {'with': nan, 'without': 0.397941797860015, 'impact': nan}, 1: {'with': 0.01639344262295082, 'without': 0.09251938183498486, 'impact': -0.07612593921203403}}",1.0596804224745797e-07,Yes
sometimes_creeping,60,0.016666666666666666,0.22337191628668304,-0.20670524962001638,0.0002261556441239456,"error_type                        False Negative  False Positive  \
trait_sometimes_creeping_present                                   
0                                       0.258213        0.518415   
1                                       0.000000        0.983333   

error_type                        True Negative  True Positive  
trait_sometimes_creeping_present                                
0                                      0.052701       0.170671  
1                                      0.016667       0.000000  ","{0: {'with': nan, 'without': 0.397941797860015, 'impact': nan}, 1: {'with': 0.016666666666666666, 'without': 0.09227698449255335, 'impact': -0.07561031782588669}}",0.0002589846892387119,Yes
stamens_5_8,2550,0.03176470588235294,0.23838345627640123,-0.20661875039404828,3.189897791662451e-128,"error_type                 False Negative  False Positive  True Negative  \
trait_stamens_5_8_present                                                  
0                                0.278482        0.483135       0.054316   
1                                0.000000        0.968235       0.031765   

error_type                 True Positive  
trait_stamens_5_8_present                 
0                               0.184068  
1                               0.000000  ","{0: {'with': nan, 'without': 0.397941797860015, 'impact': nan}, 1: {'with': 0.03176470588235294, 'without': 0.10106164584433104, 'impact': -0.06929693996197811}}",1.5098849547202269e-127,Yes
red_dotted,1864,0.028433476394849784,0.23420143174524807,-0.2057679553503983,2.0745723739990807e-95,"error_type                False Negative  False Positive  True Negative  \
trait_red_dotted_present                                                  
0                               0.272587        0.493212       0.054030   
1                               0.000000        0.971567       0.028433   

error_type                True Positive  
trait_red_dotted_present                 
0                              0.180172  
1                              0.000000  ","{0: {'with': nan, 'without': 0.397941797860015, 'impact': nan}, 1: {'with': 0.028433476394849784, 'without': 0.09873132224414999, 'impact': -0.07029784584930021}}",7.014030407330225e-95,Yes
solitary_in_leaf_axils,1864,0.028433476394849784,0.23420143174524807,-0.2057679553503983,2.0745723739990807e-95,"error_type                            False Negative  False Positive  \
trait_solitary_in_leaf_axils_present                                   
0                                           0.272587        0.493212   
1                                           0.000000        0.971567   

error_type                            True Negative  True Positive  
trait_solitary_in_leaf_axils_present                                
0                                          0.054030       0.180172  
1                                          0.028433       0.000000  ","{0: {'with': nan, 'without': 0.397941797860015, 'impact': nan}, 1: {'with': 0.028433476394849784, 'without': 0.09873132224414999, 'impact': -0.07029784584930021}}",7.014030407330225e-95,Yes
erect_or_decumbent,111,0.018018018018018018,0.2236761218933872,-0.20565810387536917,3.7236246034354874e-07,"error_type                        False Negative  False Positive  \
trait_erect_or_decumbent_present                                   
0                                       0.258599        0.517725   
1                                       0.000000        0.981982   

error_type                        True Negative  True Positive  
trait_erect_or_decumbent_present                                
0                                      0.052750       0.170926  
1                                      0.018018       0.000000  ","{0: {'with': nan, 'without': 0.397941797860015, 'impact': nan}, 1: {'with': 0.018018018018018018, 'without': 0.09246715927750411, 'impact': -0.0744491412594861}}",5.183869545959208e-07,Yes
floral_tube_obconic,1870,0.028877005347593583,0.23421393741127092,-0.20533693206367734,2.6641384616462004e-95,"error_type                         False Negative  False Positive  \
trait_floral_tube_obconic_present                                   
0                                        0.272637        0.493149   
1                                        0.000000        0.971123   

error_type                         True Negative  True Positive  
trait_floral_tube_obconic_present                                
0                                       0.054009       0.180205  
1                                       0.028877       0.000000  ","{0: {'with': nan, 'without': 0.397941797860015, 'impact': nan}, 1: {'with': 0.028877005347593583, 'without': 0.09870833098313497, 'impact': -0.0698313256355414}}",8.597901398949102e-95,Yes
prostrate,335,0.020895522388059702,0.22500515661372544,-0.20410963422566575,7.671091388497293e-19,"error_type               False Negative  False Positive  True Negative  \
trait_prostrate_present                                                  
0                              0.260306        0.514689       0.052951   
1                              0.000000        0.979104       0.020896   

error_type               True Positive  
trait_prostrate_present                 
0                             0.172054  
1                             0.000000  ","{0: {'with': nan, 'without': 0.397941797860015, 'impact': nan}, 1: {'with': 0.020895522388059702, 'without': 0.0932828073089701, 'impact': -0.0723872849209104}}",1.6504469351009328e-18,Yes
needle_like_leaves,193,0.02072538860103627,0.22415563836967048,-0.20343024976863422,2.3339849776162242e-11,"error_type                        False Negative  False Positive  \
trait_needle_like_leaves_present                                   
0                                       0.259221        0.516623   
1                                       0.000000        0.979275   

error_type                        True Negative  True Positive  
trait_needle_like_leaves_present                                
0                                      0.052818       0.171337  
1                                      0.020725       0.000000  ","{0: {'with': nan, 'without': 0.397941797860015, 'impact': nan}, 1: {'with': 0.02072538860103627, 'without': 0.09275481809749563, 'impact': -0.07202942949645935}}",3.5258070938457854e-11,Yes
petals_pale_purple_to_purple_sometimes_with_red_midribs,85,0.023529411764705882,0.22350601105683446,-0.19997659929212858,1.76122979224306e-05,"error_type                                          False Negative  \
trait_petals_pale_purple_to_purple_sometimes_wi...                   
0                                                         0.258402   
1                                                         0.000000   

error_type                                          False Positive  \
trait_petals_pale_purple_to_purple_sometimes_wi...                   
0                                                         0.518092   
1                                                         0.976471   

error_type                                          True Negative  \
trait_petals_pale_purple_to_purple_sometimes_wi...                  
0                                                        0.052710   
1                                                        0.023529   

error_type                                          True Positive  
trait_petals_pale_purple_to_purple_sometimes_wi...                 
0                                                        0.170796  
1                                                        0.000000  ","{0: {'with': nan, 'without': 0.397941797860015, 'impact': nan}, 1: {'with': 0.023529411764705882, 'without': 0.092343958183868, 'impact': -0.06881454641916211}}",2.1559881939527117e-05,Yes
floral_tube_obconic_without_red_dots,85,0.023529411764705882,0.22350601105683446,-0.19997659929212858,1.76122979224306e-05,"error_type                                          False Negative  \
trait_floral_tube_obconic_without_red_dots_present                   
0                                                         0.258402   
1                                                         0.000000   

error_type                                          False Positive  \
trait_floral_tube_obconic_without_red_dots_present                   
0                                                         0.518092   
1                                                         0.976471   

error_type                                          True Negative  \
trait_floral_tube_obconic_without_red_dots_present                  
0                                                        0.052710   
1                                                        0.023529   

error_type                                          True Positive  
trait_floral_tube_obconic_without_red_dots_present                 
0                                                        0.170796  
1                                                        0.000000  ","{0: {'with': nan, 'without': 0.397941797860015, 'impact': nan}, 1: {'with': 0.023529411764705882, 'without': 0.092343958183868, 'impact': -0.06881454641916211}}",2.1559881939527117e-05,Yes
flower_tube_narrowly_cylindrical_without_red_dots,203,0.024630541871921183,0.22419208077724617,-0.199561538905325,1.747217910909842e-11,"error_type                                          False Negative  \
trait_flower_tube_narrowly_cylindrical_without_...                   
0                                                         0.259297   
1                                                         0.000000   

error_type                                          False Positive  \
trait_flower_tube_narrowly_cylindrical_without_...                   
0                                                         0.516511   
1                                                         0.975369   

error_type                                          True Negative  \
trait_flower_tube_narrowly_cylindrical_without_...                  
0                                                        0.052805   
1                                                        0.024631   

error_type                                          True Positive  
trait_flower_tube_narrowly_cylindrical_without_...                 
0                                                        0.171387  
1                                                        0.000000  ","{0: {'with': nan, 'without': 0.397941797860015, 'impact': nan}, 1: {'with': 0.024630541871921183, 'without': 0.09275108269746339, 'impact': -0.06812054082554221}}",2.6967928624912778e-11,Yes
petals_lavender,203,0.024630541871921183,0.22419208077724617,-0.199561538905325,1.747217910909842e-11,"error_type                     False Negative  False Positive  True Negative  \
trait_petals_lavender_present                                                  
0                                    0.259297        0.516511       0.052805   
1                                    0.000000        0.975369       0.024631   

error_type                     True Positive  
trait_petals_lavender_present                 
0                                   0.171387  
1                                   0.000000  ","{0: {'with': nan, 'without': 0.397941797860015, 'impact': nan}, 1: {'with': 0.024630541871921183, 'without': 0.09275108269746339, 'impact': -0.06812054082554221}}",2.6967928624912778e-11,Yes
stamens_4_6,203,0.024630541871921183,0.22419208077724617,-0.199561538905325,1.747217910909842e-11,"error_type                 False Negative  False Positive  True Negative  \
trait_stamens_4_6_present                                                  
0                                0.259297        0.516511       0.052805   
1                                0.000000        0.975369       0.024631   

error_type                 True Positive  
trait_stamens_4_6_present                 
0                               0.171387  
1                               0.000000  ","{0: {'with': nan, 'without': 0.397941797860015, 'impact': nan}, 1: {'with': 0.024630541871921183, 'without': 0.09275108269746339, 'impact': -0.06812054082554221}}",2.6967928624912778e-11,Yes
calyx_with_teeth_of_the_same_length,203,0.024630541871921183,0.22419208077724617,-0.199561538905325,1.747217910909842e-11,"error_type                                         False Negative  \
trait_calyx_with_teeth_of_the_same_length_present                   
0                                                        0.259297   
1                                                        0.000000   

error_type                                         False Positive  \
trait_calyx_with_teeth_of_the_same_length_present                   
0                                                        0.516511   
1                                                        0.975369   

error_type                                         True Negative  \
trait_calyx_with_teeth_of_the_same_length_present                  
0                                                       0.052805   
1                                                       0.024631   

error_type                                         True Positive  
trait_calyx_with_teeth_of_the_same_length_present                 
0                                                       0.171387  
1                                                       0.000000  ","{0: {'with': nan, 'without': 0.397941797860015, 'impact': nan}, 1: {'with': 0.024630541871921183, 'without': 0.09275108269746339, 'impact': -0.06812054082554221}}",2.6967928624912778e-11,Yes
creeping,36,0.027777777777777776,0.22321532889356233,-0.19543755111578454,0.008916526461120776,"error_type              False Negative  False Positive  True Negative  \
trait_creeping_present                                                  
0                             0.258032        0.518752       0.052664   
1                             0.000000        0.972222       0.027778   

error_type              True Positive  
trait_creeping_present                 
0                            0.170551  
1                            0.000000  ","{0: {'with': nan, 'without': 0.397941797860015, 'impact': nan}, 1: {'with': 0.027777777777777776, 'without': 0.0921637785615703, 'impact': -0.06438600078379253}}",0.009448856399098137,Yes
leaves_opposite_but_sometimes_alternate,70,0.02857142857142857,0.2234079878369686,-0.19483655926554003,0.00016433145578698466,"error_type                                          False Negative  \
trait_leaves_opposite_but_sometimes_alternate_p...                   
0                                                         0.258289   
1                                                         0.000000   

error_type                                          False Positive  \
trait_leaves_opposite_but_sometimes_alternate_p...                   
0                                                         0.518303   
1                                                         0.971429   

error_type                                          True Negative  \
trait_leaves_opposite_but_sometimes_alternate_p...                  
0                                                        0.052687   
1                                                        0.028571   

error_type                                          True Positive  
trait_leaves_opposite_but_sometimes_alternate_p...                 
0                                                        0.170721  
1                                                        0.000000  ","{0: {'with': nan, 'without': 0.397941797860015, 'impact': nan}, 1: {'with': 0.02857142857142857, 'without': 0.09227302985303908, 'impact': -0.06370160128161051}}",0.0001912710387028838,Yes
obovate,70,0.02857142857142857,0.2234079878369686,-0.19483655926554003,0.00016433145578698466,"error_type             False Negative  False Positive  True Negative  \
trait_obovate_present                                                  
0                            0.258289        0.518303       0.052687   
1                            0.000000        0.971429       0.028571   

error_type             True Positive  
trait_obovate_present                 
0                           0.170721  
1                           0.000000  ","{0: {'with': nan, 'without': 0.397941797860015, 'impact': nan}, 1: {'with': 0.02857142857142857, 'without': 0.09227302985303908, 'impact': -0.06370160128161051}}",0.0001912710387028838,Yes
distally_alternate,1866,0.03965702036441586,0.23356785780411035,-0.1939108374396945,5.146880534753048e-85,"error_type                        False Negative  False Positive  \
trait_distally_alternate_present                                   
0                                       0.272604        0.493828   
1                                       0.000000        0.960343   

error_type                        True Negative  True Positive  
trait_distally_alternate_present                                
0                                      0.053385       0.180183  
1                                      0.039657       0.000000  ","{0: {'with': nan, 'without': 0.397941797860015, 'impact': nan}, 1: {'with': 0.03965702036441586, 'without': 0.09755822477866126, 'impact': -0.0579012044142454}}",1.4054942998748708e-84,Yes
sessile_or_subsessile,130,0.03076923076923077,0.2237420186280827,-0.19297278785885194,2.3401883295811287e-07,"error_type                           False Negative  False Positive  \
trait_sessile_or_subsessile_present                                   
0                                          0.258743        0.517515   
1                                          0.000000        0.969231   

error_type                           True Negative  True Positive  
trait_sessile_or_subsessile_present                                
0                                         0.052721       0.171021  
1                                         0.030769       0.000000  ","{0: {'with': nan, 'without': 0.397941797860015, 'impact': nan}, 1: {'with': 0.03076923076923077, 'without': 0.09245467152909755, 'impact': -0.061685440759866775}}",3.323067428005203e-07,Yes
linear,1778,0.04161979752530934,0.23293531113436328,-0.19131551360905394,3.482513056105612e-79,"error_type            False Negative  False Positive  True Negative  \
trait_linear_present                                                  
0                           0.271866        0.495199       0.053241   
1                           0.000000        0.958380       0.041620   

error_type            True Positive  
trait_linear_present                 
0                          0.179695  
1                          0.000000  ","{0: {'with': nan, 'without': 0.397941797860015, 'impact': nan}, 1: {'with': 0.04161979752530934, 'without': 0.0970764828011896, 'impact': -0.05545668527588027}}",9.15771951790735e-79,Yes
petals_pale_purple_or_whitish,264,0.03409090909090909,0.22447659374264878,-0.1903856846517397,2.328530859220238e-13,"error_type                                   False Negative  False Positive  \
trait_petals_pale_purple_or_whitish_present                                   
0                                                  0.259762        0.515761   
1                                                  0.000000        0.965909   

error_type                                   True Negative  True Positive  
trait_petals_pale_purple_or_whitish_present                                
0                                                 0.052782       0.171695  
1                                                 0.034091       0.000000  ","{0: {'with': nan, 'without': 0.397941797860015, 'impact': nan}, 1: {'with': 0.03409090909090909, 'without': 0.09283682441168865, 'impact': -0.058745915320779565}}",4.3506760790693926e-13,Yes
often_with_a_darker_midrib,113,0.035398230088495575,0.22363066834509207,-0.1882324382565965,2.7890620904631576e-06,"error_type                                False Negative  False Positive  \
trait_often_with_a_darker_midrib_present                                   
0                                               0.258614        0.517755   
1                                               0.000000        0.964602   

error_type                                True Negative  True Positive  
trait_often_with_a_darker_midrib_present                                
0                                              0.052695       0.170936  
1                                              0.035398       0.000000  ","{0: {'with': nan, 'without': 0.397941797860015, 'impact': nan}, 1: {'with': 0.035398230088495575, 'without': 0.09237401211125937, 'impact': -0.05697578202276379}}",3.6671001559793368e-06,Yes
petals_pinkish,113,0.035398230088495575,0.22363066834509207,-0.1882324382565965,2.7890620904631576e-06,"error_type                    False Negative  False Positive  True Negative  \
trait_petals_pinkish_present                                                  
0                                   0.258614        0.517755       0.052695   
1                                   0.000000        0.964602       0.035398   

error_type                    True Positive  
trait_petals_pinkish_present                 
0                                  0.170936  
1                                  0.000000  ","{0: {'with': nan, 'without': 0.397941797860015, 'impact': nan}, 1: {'with': 0.035398230088495575, 'without': 0.09237401211125937, 'impact': -0.05697578202276379}}",3.6671001559793368e-06,Yes
usually_with_a_darker_midrib,270,0.037037037037037035,0.22448679489441797,-0.18744975785738094,2.946666590342929e-13,"error_type                                  False Negative  False Positive  \
trait_usually_with_a_darker_midrib_present                                   
0                                                 0.259808        0.515705   
1                                                 0.000000        0.962963   

error_type                                  True Negative  True Positive  
trait_usually_with_a_darker_midrib_present                                
0                                                0.052762       0.171725  
1                                                0.037037       0.000000  ","{0: {'with': nan, 'without': 0.397941797860015, 'impact': nan}, 1: {'with': 0.037037037037037035, 'without': 0.09281390656526463, 'impact': -0.05577686952822759}}",5.364444305496101e-13,Yes
prostrate_to_weakly_erect,271,0.04059040590405904,0.22446398635334255,-0.1838735804492835,7.521374875163778e-13,"error_type                               False Negative  False Positive  \
trait_prostrate_to_weakly_erect_present                                   
0                                              0.259816         0.51572   
1                                              0.000000         0.95941   

error_type                               True Negative  True Positive  
trait_prostrate_to_weakly_erect_present                                
0                                             0.052734        0.17173  
1                                             0.040590        0.00000  ","{0: {'with': nan, 'without': 0.397941797860015, 'impact': nan}, 1: {'with': 0.04059040590405904, 'without': 0.0927669701986755, 'impact': -0.05217656429461646}}",1.3350440403415706e-12,Yes
petals_reddish,44,0.045454545454545456,0.22323828444548324,-0.1777837389909378,0.008049285462494633,"error_type                    False Negative  False Positive  True Negative  \
trait_petals_reddish_present                                                  
0                                   0.258093        0.518669       0.052647   
1                                   0.000000        0.954545       0.045455   

error_type                    True Positive  
trait_petals_reddish_present                 
0                                  0.170591  
1                                  0.000000  ","{0: {'with': nan, 'without': 0.397941797860015, 'impact': nan}, 1: {'with': 0.045454545454545456, 'without': 0.0921503451802608, 'impact': -0.046695799725715345}}",0.008659079815713924,Yes
petals_minute,44,0.045454545454545456,0.22323828444548324,-0.1777837389909378,0.008049285462494633,"error_type                   False Negative  False Positive  True Negative  \
trait_petals_minute_present                                                  
0                                  0.258093        0.518669       0.052647   
1                                  0.000000        0.954545       0.045455   

error_type                   True Positive  
trait_petals_minute_present                 
0                                 0.170591  
1                                 0.000000  ","{0: {'with': nan, 'without': 0.397941797860015, 'impact': nan}, 1: {'with': 0.045454545454545456, 'without': 0.0921503451802608, 'impact': -0.046695799725715345}}",0.008659079815713924,Yes
sessile,21709,0.287668708830439,0.11127915306853459,0.1763895557619044,0.0,"error_type             False Negative  False Positive  True Negative  \
trait_sessile_present                                                  
0                            0.105628        0.783093       0.037889   
1                            0.345801        0.366530       0.061173   

error_type             True Positive  
trait_sessile_present                 
0                           0.073390  
1                           0.226496  ","{0: {'with': 0.3957662588538313, 'without': 0.40995998221431745, 'impact': -0.014193723360486132}, 1: {'with': 0.14302638664512654, 'without': 0.046150862904789605, 'impact': 0.09687552374033694}}",0.0,Yes
petals_pink,63,0.047619047619047616,0.22333304101259902,-0.1757139933935514,0.0013938299339422355,"error_type                 False Negative  False Positive  True Negative  \
trait_petals_pink_present                                                  
0                                0.258236        0.518431       0.052647   
1                                0.000000        0.952381       0.047619   

error_type                 True Positive  
trait_petals_pink_present                 
0                               0.170686  
1                               0.000000  ","{0: {'with': nan, 'without': 0.397941797860015, 'impact': nan}, 1: {'with': 0.047619047619047616, 'without': 0.09218877968877968, 'impact': -0.04456973206973207}}",0.0015708242112682336,Yes
flowers_solitary,36,0.05555555555555555,0.22318611987381703,-0.16763056431826148,0.02678466585844494,"error_type                      False Negative  False Positive  True Negative  \
trait_flowers_solitary_present                                                  
0                                     0.258032        0.518781       0.052635   
1                                     0.000000        0.944444       0.055556   

error_type                      True Positive  
trait_flowers_solitary_present                 
0                                    0.170551  
1                                    0.000000  ","{0: {'with': nan, 'without': 0.397941797860015, 'impact': nan}, 1: {'with': 0.05555555555555555, 'without': 0.09211266165721003, 'impact': -0.03655710610165448}}",0.027966342293376335,Yes
minute,51,0.058823529411764705,0.22325472662984716,-0.16443119721808247,0.008035957394924617,"error_type            False Negative  False Positive  True Negative  \
trait_minute_present                                                  
0                           0.258146        0.518600       0.052629   
1                           0.000000        0.941176       0.058824   

error_type            True Positive  
trait_minute_present                 
0                          0.170626  
1                          0.000000  ","{0: {'with': nan, 'without': 0.397941797860015, 'impact': nan}, 1: {'with': 0.058823529411764705, 'without': 0.09213218743605484, 'impact': -0.03330865802429013}}",0.008659079815713924,Yes
inflorescence_raceme,9525,0.10666666666666667,0.2677900351557765,-0.1611233684891098,6.894701441679876e-226,"error_type                          False Negative  False Positive  \
trait_inflorescence_raceme_present                                   
0                                         0.356973        0.375237   
1                                         0.000000        0.893333   

error_type                          True Negative  True Positive  
trait_inflorescence_raceme_present                                
0                                        0.031842       0.235948  
1                                        0.106667       0.000000  ","{0: {'with': nan, 'without': 0.397941797860015, 'impact': nan}, 1: {'with': 0.10666666666666667, 'without': 0.07822116339090729, 'impact': 0.028445503275759385}}",8.158730039321186e-225,Yes
purple,28,0.07142857142857142,0.22313397967527157,-0.15170540824670015,0.08902193569912635,"error_type            False Negative  False Positive  True Negative  \
trait_purple_present                                                  
0                           0.257972        0.518894       0.052622   
1                           0.000000        0.928571       0.071429   

error_type            True Positive  
trait_purple_present                 
0                          0.170512  
1                          0.000000  ","{0: {'with': nan, 'without': 0.397941797860015, 'impact': nan}, 1: {'with': 0.07142857142857142, 'without': 0.09207500894180165, 'impact': -0.020646437513230226}}",0.0902936776376853,No
inflorescence_spikelike,9111,0.3275161892218198,0.18516752116370574,0.14234866805811405,6.015673046057564e-172,"error_type                             False Negative  False Positive  \
trait_inflorescence_spikelike_present                                   
0                                            0.166965        0.647868   
1                                            0.508506        0.163978   

error_type                             True Negative  True Positive  
trait_inflorescence_spikelike_present                                
0                                           0.069751       0.115417  
1                                           0.005378       0.322138  ","{0: {'with': 0.3878171247357294, 'without': 0.4087262491203378, 'impact': -0.020909124384608402}, 1: {'with': 0.031756318859364877, 'without': 0.09719760744350908, 'impact': -0.0654412885841442}}",5.338909828376088e-171,Yes
stamens_12,9449,0.3180230712244682,0.18684284735930387,0.13118022386516434,1.15200265102487e-149,"error_type                False Negative  False Positive  True Negative  \
trait_stamens_12_present                                                  
0                               0.169238        0.643919       0.069855   
1                               0.490316        0.191660       0.007408   

error_type                True Positive  
trait_stamens_12_present                 
0                              0.116988  
1                              0.310615  ","{0: {'with': 0.3878171247357294, 'without': 0.4087262491203378, 'impact': -0.020909124384608402}, 1: {'with': 0.03721424774056353, 'without': 0.09786657636302065, 'impact': -0.06065232862245712}}",7.435653474796889e-149,Yes
floral_tube_cylindrical,14954,0.2947037581917881,0.1675121648203748,0.12719159337141334,5.309282358127249e-173,"error_type                             False Negative  False Positive  \
trait_floral_tube_cylindrical_present                                   
0                                            0.184232        0.648256   
1                                            0.352748        0.352548   

error_type                             True Negative  True Positive  
trait_floral_tube_cylindrical_present                                
0                                           0.045605       0.121907  
1                                           0.061723       0.232981  ","{0: {'with': 0.39776230163260645, 'without': 0.3982076428812986, 'impact': -0.00044534124869216596}, 1: {'with': 0.14899112187247782, 'without': 0.06572664876156371, 'impact': 0.0832644731109141}}",5.385129248957639e-172,Yes
erect,21270,0.27056887635166904,0.14520842947238885,0.1253604468792802,5.107025919574569e-161,"error_type           False Negative  False Positive  True Negative  \
trait_erect_present                                                  
0                          0.148362        0.706430       0.041686   
1                          0.324636        0.404795       0.059332   

error_type           True Positive  
trait_erect_present                 
0                         0.103523  
1                         0.211236  ","{0: {'with': 0.39419196350236885, 'without': 0.41099236641221376, 'impact': -0.016800402909844914}, 1: {'with': 0.12783630470016208, 'without': 0.05572118844453583, 'impact': 0.07211511625562625}}",4.028876003219938e-160,Yes
base_attenuate,9258,0.14052711168718945,0.2535380187095227,-0.11301090702233324,3.5228964634379864e-110,"error_type                    False Negative  False Positive  True Negative  \
trait_base_attenuate_present                                                  
0                                   0.353162        0.393300       0.020109   
1                                   0.000000        0.859473       0.140527   

error_type                    True Positive  
trait_base_attenuate_present                 
0                                  0.233429  
1                                  0.000000  ","{0: {'with': nan, 'without': 0.397941797860015, 'impact': nan}, 1: {'with': 0.14052711168718945, 'without': 0.04864133062566483, 'impact': 0.09188578106152462}}",1.4713273464946884e-109,Yes
stamens_6,6478,0.14062982401975918,0.242210549039361,-0.10158072501960183,7.017012787032066e-70,"error_type               False Negative  False Positive  True Negative  \
trait_stamens_6_present                                                  
0                              0.317838        0.439951       0.032129   
1                              0.000000        0.859370       0.140630   

error_type               True Positive  
trait_stamens_6_present                 
0                             0.210081  
1                             0.000000  ","{0: {'with': nan, 'without': 0.397941797860015, 'impact': nan}, 1: {'with': 0.14062982401975918, 'without': 0.0680588369788888, 'impact': 0.07257098704087038}}",1.5568997121227396e-69,Yes
becoming_alternate_distally,8481,0.15057186652517393,0.24683028963591952,-0.09625842311074559,4.431938126508823e-76,"error_type                                 False Negative  False Positive  \
trait_becoming_alternate_distally_present                                   
0                                                0.342523        0.410647   
1                                                0.000000        0.849428   

error_type                                 True Negative  True Positive  
trait_becoming_alternate_distally_present                                
0                                               0.020433       0.226397  
1                                               0.150572       0.000000  ","{0: {'with': nan, 'without': 0.397941797860015, 'impact': nan}, 1: {'with': 0.15057186652517393, 'without': 0.047400611620795105, 'impact': 0.10317125490437883}}",1.123812882079023e-75,Yes
leaves_opposite,25805,0.24634760705289674,0.15188378410298808,0.09446382294990865,2.9470442536838456e-73,"error_type                     False Negative  False Positive  True Negative  \
trait_leaves_opposite_present                                                  
0                                    0.156726         0.69139       0.042990   
1                                    0.290913         0.46274       0.055803   

error_type                     True Positive  
trait_leaves_opposite_present                 
0                                   0.108893  
1                                   0.190544  ","{0: {'with': 0.3957662588538313, 'without': 0.40995998221431745, 'impact': -0.014193723360486132}, 1: {'with': 0.10761527539047903, 'without': 0.05853972338372467, 'impact': 0.04907555200675436}}",7.215177310743208e-73,Yes
petals_purple,16590,0.238456901748041,0.20851713607058026,0.029939765677460733,3.110457972040294e-11,"error_type                   False Negative  False Positive  True Negative  \
trait_petals_purple_present                                                  
0                                  0.237586        0.553897       0.044282   
1                                  0.279265        0.482278       0.061543   

error_type                   True Positive  
trait_petals_purple_present                 
0                                 0.164235  
1                                 0.176914  ","{0: {'with': 0.3878171247357294, 'without': 0.4087262491203378, 'impact': -0.020909124384608402}, 1: {'with': 0.11316781201507427, 'without': 0.07402855251961804, 'impact': 0.03913925949545623}}",4.6008857503096015e-11,Yes
