filename,url,license_code,observation_id,quality_grade,latitude,longitude,label
lythrum_lineare_001.jpg,https://inaturalist-open-data.s3.amazonaws.com/photos/522355368/medium.jpg,cc-by-nc,290269654,needs_id,32.7530403137,-79.899307251,native
lythrum_lineare_002.jpg,https://inaturalist-open-data.s3.amazonaws.com/photos/519776358/medium.jpg,cc-by-nc,289003718,research,30.37168,-88.8293833333,native
lythrum_lineare_003.jpg,https://inaturalist-open-data.s3.amazonaws.com/photos/519776374/medium.jpg,cc-by-nc,289003718,research,30.37168,-88.8293833333,native
lythrum_lineare_004.jpg,https://inaturalist-open-data.s3.amazonaws.com/photos/519776357/medium.jpg,cc-by-nc,289003718,research,30.37168,-88.8293833333,native
lythrum_lineare_005.jpg,https://inaturalist-open-data.s3.amazonaws.com/photos/519776369/medium.jpg,cc-by-nc,289003718,research,30.37168,-88.8293833333,native
lythrum_lineare_006.jpg,https://inaturalist-open-data.s3.amazonaws.com/photos/519776385/medium.jpg,cc-by-nc,289003718,research,30.37168,-88.8293833333,native
lythrum_lineare_007.jpg,https://inaturalist-open-data.s3.amazonaws.com/photos/514195740/medium.jpg,cc-by-nc-nd,286048064,needs_id,30.2827167997,-87.5514048,native
lythrum_lineare_008.jpg,https://inaturalist-open-data.s3.amazonaws.com/photos/514195798/medium.jpg,cc-by-nc-nd,286048064,needs_id,30.2827167997,-87.5514048,native
lythrum_lineare_009.jpg,https://inaturalist-open-data.s3.amazonaws.com/photos/514195854/medium.jpg,cc-by-nc-nd,286048064,needs_id,30.2827167997,-87.5514048,native
lythrum_lineare_010.jpg,https://inaturalist-open-data.s3.amazonaws.com/photos/514195903/medium.jpg,cc-by-nc-nd,286048064,needs_id,30.2827167997,-87.5514048,native
lythrum_lineare_011.jpg,https://inaturalist-open-data.s3.amazonaws.com/photos/514195946/medium.jpg,cc-by-nc-nd,286048064,needs_id,30.2827167997,-87.5514048,native
lythrum_lineare_012.jpg,https://inaturalist-open-data.s3.amazonaws.com/photos/514195994/medium.jpg,cc-by-nc-nd,286048064,needs_id,30.2827167997,-87.5514048,native
lythrum_lineare_013.jpg,https://inaturalist-open-data.s3.amazonaws.com/photos/512162461/medium.jpg,cc-by-nc,284960815,research,25.5372366667,-80.3346366667,native
lythrum_lineare_014.jpg,https://inaturalist-open-data.s3.amazonaws.com/photos/512162466/medium.jpg,cc-by-nc,284960815,research,25.5372366667,-80.3346366667,native
lythrum_lineare_015.jpg,https://inaturalist-open-data.s3.amazonaws.com/photos/512162434/medium.jpg,cc-by-nc,284960807,research,25.537245,-80.33442,native
lythrum_lineare_016.jpg,https://inaturalist-open-data.s3.amazonaws.com/photos/512162458/medium.jpg,cc-by-nc,284960807,research,25.537245,-80.33442,native
lythrum_lineare_017.jpg,https://inaturalist-open-data.s3.amazonaws.com/photos/510970825/medium.jpg,cc-by-nc-nd,284329120,needs_id,30.2351084997,-87.9684981997,native
lythrum_lineare_018.jpg,https://inaturalist-open-data.s3.amazonaws.com/photos/510970904/medium.jpg,cc-by-nc-nd,284329120,needs_id,30.2351084997,-87.9684981997,native
lythrum_lineare_019.jpg,https://inaturalist-open-data.s3.amazonaws.com/photos/510970989/medium.jpg,cc-by-nc-nd,284329120,needs_id,30.2351084997,-87.9684981997,native
lythrum_lineare_020.jpg,https://inaturalist-open-data.s3.amazonaws.com/photos/510971061/medium.jpg,cc-by-nc-nd,284329120,needs_id,30.2351084997,-87.9684981997,native
lythrum_lineare_021.jpg,https://inaturalist-open-data.s3.amazonaws.com/photos/507931938/medium.jpg,cc-by-nc,282707380,needs_id,33.8601421125,-78.0034640786,native
lythrum_lineare_022.jpg,https://inaturalist-open-data.s3.amazonaws.com/photos/507871796/medium.jpg,cc-by-nc,282673727,needs_id,35.9331883333,-75.8119966667,native
lythrum_lineare_023.jpg,https://inaturalist-open-data.s3.amazonaws.com/photos/507871756/medium.jpg,cc-by-nc,282673727,needs_id,35.9331883333,-75.8119966667,native
lythrum_lineare_024.jpg,https://inaturalist-open-data.s3.amazonaws.com/photos/507870073/medium.jpg,cc-by-nc,282672766,needs_id,35.9384083333,-75.8181216667,native
lythrum_lineare_025.jpg,https://inaturalist-open-data.s3.amazonaws.com/photos/502407984/medium.jpg,cc-by-nc,279765551,needs_id,35.26683,-75.5318616667,native
lythrum_lineare_026.jpg,https://inaturalist-open-data.s3.amazonaws.com/photos/502407925/medium.jpg,cc-by-nc,279765551,needs_id,35.26683,-75.5318616667,native
lythrum_lineare_027.jpg,https://inaturalist-open-data.s3.amazonaws.com/photos/502408024/medium.jpg,cc-by-nc,279765551,needs_id,35.26683,-75.5318616667,native
lythrum_lineare_028.jpg,https://inaturalist-open-data.s3.amazonaws.com/photos/502408065/medium.jpg,cc-by-nc,279765551,needs_id,35.26683,-75.5318616667,native
lythrum_lineare_029.jpg,https://inaturalist-open-data.s3.amazonaws.com/photos/502408098/medium.jpg,cc-by-nc,279765551,needs_id,35.26683,-75.5318616667,native
lythrum_lineare_030.jpg,https://inaturalist-open-data.s3.amazonaws.com/photos/463321617/medium.jpg,cc-by-nc,258257346,research,25.8682117,-81.15422,native
lythrum_lineare_031.jpeg,https://inaturalist-open-data.s3.amazonaws.com/photos/452075374/medium.jpeg,cc-by-nc,252529267,needs_id,30.3937089863,-86.7468480115,native
lythrum_lineare_032.jpeg,https://inaturalist-open-data.s3.amazonaws.com/photos/451817064/medium.jpeg,cc-by-nc,252396477,needs_id,30.3994450575,-86.6416713037,native
lythrum_lineare_033.jpeg,https://inaturalist-open-data.s3.amazonaws.com/photos/440381786/medium.jpeg,cc-by-nc,246633126,needs_id,38.948625,-76.2261666667,native
lythrum_lineare_034.jpeg,https://inaturalist-open-data.s3.amazonaws.com/photos/433607455/medium.jpeg,cc-by-nc,243188110,research,27.5025666667,-82.4870833333,native
lythrum_lineare_035.jpeg,https://inaturalist-open-data.s3.amazonaws.com/photos/433607499/medium.jpeg,cc-by-nc,243188110,research,27.5025666667,-82.4870833333,native
lythrum_lineare_036.jpeg,https://inaturalist-open-data.s3.amazonaws.com/photos/433607551/medium.jpeg,cc-by-nc,243188110,research,27.5025666667,-82.4870833333,native
lythrum_lineare_037.jpeg,https://inaturalist-open-data.s3.amazonaws.com/photos/429977209/medium.jpeg,cc-by-nc-nd,241269821,research,30.2627565997,-87.6419625997,native
lythrum_lineare_038.jpeg,https://inaturalist-open-data.s3.amazonaws.com/photos/429977236/medium.jpeg,cc-by-nc-nd,241269821,research,30.2627565997,-87.6419625997,native
lythrum_lineare_039.jpeg,https://inaturalist-open-data.s3.amazonaws.com/photos/429977264/medium.jpeg,cc-by-nc-nd,241269821,research,30.2627565997,-87.6419625997,native
lythrum_lineare_040.jpeg,https://inaturalist-open-data.s3.amazonaws.com/photos/428832882/medium.jpeg,cc-by-nc,240685542,research,38.4852993701,-76.5953065524,native
lythrum_lineare_041.jpeg,https://inaturalist-open-data.s3.amazonaws.com/photos/428832886/medium.jpeg,cc-by-nc,240685542,research,38.4852993701,-76.5953065524,native
lythrum_lineare_042.jpg,https://inaturalist-open-data.s3.amazonaws.com/photos/427986306/medium.jpg,cc-by,240242003,needs_id,29.7218815997,-89.7549403997,native
lythrum_lineare_043.jpeg,https://inaturalist-open-data.s3.amazonaws.com/photos/423619152/medium.jpeg,cc-by-nc,237984272,research,39.345475,-75.5388805556,native
lythrum_lineare_044.jpeg,https://inaturalist-open-data.s3.amazonaws.com/photos/423619175/medium.jpeg,cc-by-nc,237984272,research,39.345475,-75.5388805556,native
lythrum_lineare_045.jpeg,https://inaturalist-open-data.s3.amazonaws.com/photos/423619202/medium.jpeg,cc-by-nc,237984272,research,39.345475,-75.5388805556,native
lythrum_lineare_046.jpg,https://inaturalist-open-data.s3.amazonaws.com/photos/421707021/medium.jpg,cc-by-nc,236992405,research,38.9523110777,-76.2295473314,native
lythrum_lineare_047.jpeg,https://inaturalist-open-data.s3.amazonaws.com/photos/420759840/medium.jpeg,cc-by,236502245,research,35.6090568684,-76.0786684841,native
lythrum_lineare_048.jpeg,https://inaturalist-open-data.s3.amazonaws.com/photos/420759894/medium.jpeg,cc-by,236502245,research,35.6090568684,-76.0786684841,native
lythrum_lineare_049.jpeg,https://inaturalist-open-data.s3.amazonaws.com/photos/419145710/medium.jpeg,cc-by-nc,235663541,research,38.4378458366,-76.0939357037,native
lythrum_lineare_050.jpeg,https://inaturalist-open-data.s3.amazonaws.com/photos/418299611/medium.jpeg,cc-by-nc,235227440,research,38.4413464,-76.0912284997,native
lythrum_lineare_051.jpeg,https://inaturalist-open-data.s3.amazonaws.com/photos/418299659/medium.jpeg,cc-by-nc,235227440,research,38.4413464,-76.0912284997,native
lythrum_lineare_052.jpeg,https://inaturalist-open-data.s3.amazonaws.com/photos/415040755/medium.jpeg,cc-by-nc,233533559,research,26.1052,-81.5591716667,native
lythrum_lineare_053.jpeg,https://inaturalist-open-data.s3.amazonaws.com/photos/415040882/medium.jpeg,cc-by-nc,233533559,research,26.1052,-81.5591716667,native
lythrum_lineare_054.jpeg,https://inaturalist-open-data.s3.amazonaws.com/photos/415043914/medium.jpeg,cc-by-nc,233533559,research,26.1052,-81.5591716667,native
lythrum_lineare_055.jpeg,https://inaturalist-open-data.s3.amazonaws.com/photos/414248443/medium.jpeg,cc-by-nc,233122590,research,30.3709532109,-87.40628238,native
lythrum_lineare_056.jpeg,https://inaturalist-open-data.s3.amazonaws.com/photos/414253356/medium.jpeg,cc-by-nc,233122590,research,30.3709532109,-87.40628238,native
lythrum_lineare_057.jpeg,https://inaturalist-open-data.s3.amazonaws.com/photos/413236522/medium.jpeg,cc-by-nc,232588739,research,26.774555,-80.1251445,native
lythrum_lineare_058.jpeg,https://inaturalist-open-data.s3.amazonaws.com/photos/413236566/medium.jpeg,cc-by-nc,232588739,research,26.774555,-80.1251445,native
lythrum_lineare_059.jpeg,https://inaturalist-open-data.s3.amazonaws.com/photos/412332742/medium.jpeg,cc-by-nc,232114630,research,39.5810027778,-74.5115277778,native
lythrum_lineare_060.jpeg,https://inaturalist-open-data.s3.amazonaws.com/photos/412332788/medium.jpeg,cc-by-nc,232114630,research,39.5810027778,-74.5115277778,native
lythrum_lineare_061.jpeg,https://inaturalist-open-data.s3.amazonaws.com/photos/411831261/medium.jpeg,cc-by-nc,231848260,needs_id,28.87708862,-82.61713475,native
lythrum_lineare_062.jpeg,https://inaturalist-open-data.s3.amazonaws.com/photos/411831315/medium.jpeg,cc-by-nc,231848260,needs_id,28.87708862,-82.61713475,native
lythrum_lineare_063.jpeg,https://inaturalist-open-data.s3.amazonaws.com/photos/411585541/medium.jpeg,cc-by-nc,231717001,needs_id,29.8558555556,-89.9155194444,native
lythrum_lineare_064.jpeg,https://inaturalist-open-data.s3.amazonaws.com/photos/410850767/medium.jpeg,cc-by-nc-nd,231330380,needs_id,30.2561402059,-87.6785548031,native
lythrum_lineare_065.jpeg,https://inaturalist-open-data.s3.amazonaws.com/photos/410853105/medium.jpeg,cc-by-nc-nd,231330380,needs_id,30.2561402059,-87.6785548031,native
lythrum_lineare_066.jpeg,https://inaturalist-open-data.s3.amazonaws.com/photos/410853131/medium.jpeg,cc-by-nc-nd,231330380,needs_id,30.2561402059,-87.6785548031,native
lythrum_lineare_067.jpeg,https://inaturalist-open-data.s3.amazonaws.com/photos/410853153/medium.jpeg,cc-by-nc-nd,231330380,needs_id,30.2561402059,-87.6785548031,native
lythrum_lineare_068.jpg,https://inaturalist-open-data.s3.amazonaws.com/photos/410837185/medium.jpg,cc-by-nc,231325960,research,38.4127361111,-76.0561611111,native
lythrum_lineare_069.jpg,https://inaturalist-open-data.s3.amazonaws.com/photos/410828731/medium.jpg,cc-by-nc,231323336,research,38.4373666667,-76.0925694444,native
lythrum_lineare_070.jpg,https://inaturalist-open-data.s3.amazonaws.com/photos/410828737/medium.jpg,cc-by-nc,231323336,research,38.4373666667,-76.0925694444,native
lythrum_lineare_071.jpeg,https://inaturalist-open-data.s3.amazonaws.com/photos/409873703/medium.jpeg,cc-by,230818420,needs_id,30.1161388333,-84.1483388333,native
lythrum_lineare_072.jpeg,https://inaturalist-open-data.s3.amazonaws.com/photos/409573955/medium.jpeg,cc-by-nc,230653589,research,34.6829534261,-76.6410122439,native
lythrum_lineare_073.jpeg,https://inaturalist-open-data.s3.amazonaws.com/photos/409573992/medium.jpeg,cc-by-nc,230653589,research,34.6829534261,-76.6410122439,native
lythrum_lineare_074.jpeg,https://inaturalist-open-data.s3.amazonaws.com/photos/409574023/medium.jpeg,cc-by-nc,230653589,research,34.6829534261,-76.6410122439,native
lythrum_lineare_075.jpeg,https://inaturalist-open-data.s3.amazonaws.com/photos/409574058/medium.jpeg,cc-by-nc,230653589,research,34.6829534261,-76.6410122439,native
lythrum_lineare_076.jpeg,https://inaturalist-open-data.s3.amazonaws.com/photos/409174473/medium.jpeg,cc-by,230444256,needs_id,26.3744386,-81.609079,native
lythrum_lineare_077.jpeg,https://inaturalist-open-data.s3.amazonaws.com/photos/409175331/medium.jpeg,cc-by,230444256,needs_id,26.3744386,-81.609079,native
lythrum_lineare_078.jpeg,https://inaturalist-open-data.s3.amazonaws.com/photos/408980008/medium.jpeg,cc-by-nc,230340413,research,30.5215810585,-88.9057595763,native
lythrum_lineare_079.jpeg,https://inaturalist-open-data.s3.amazonaws.com/photos/407937574/medium.jpeg,cc-by-nc,229792199,research,36.1659233333,-75.7560766667,native
lythrum_lineare_080.jpeg,https://inaturalist-open-data.s3.amazonaws.com/photos/407881470/medium.jpeg,cc-by-nc,229763292,research,28.9144919722,-82.6388019722,native
lythrum_lineare_081.jpeg,https://inaturalist-open-data.s3.amazonaws.com/photos/407881589/medium.jpeg,cc-by-nc,229763292,research,28.9144919722,-82.6388019722,native
lythrum_lineare_082.jpeg,https://inaturalist-open-data.s3.amazonaws.com/photos/407881699/medium.jpeg,cc-by-nc,229763292,research,28.9144919722,-82.6388019722,native
lythrum_lineare_083.jpeg,https://inaturalist-open-data.s3.amazonaws.com/photos/407864196/medium.jpeg,cc-by-nc,229749170,research,28.9145083333,-82.6388033333,native
lythrum_lineare_084.jpeg,https://inaturalist-open-data.s3.amazonaws.com/photos/406299096/medium.jpeg,cc-by-nc,228923264,research,28.9093966667,-82.6287783333,native
lythrum_lineare_085.jpeg,https://inaturalist-open-data.s3.amazonaws.com/photos/406299117/medium.jpeg,cc-by-nc,228923264,research,28.9093966667,-82.6287783333,native
lythrum_lineare_086.jpeg,https://inaturalist-open-data.s3.amazonaws.com/photos/406299175/medium.jpeg,cc-by-nc,228923264,research,28.9093966667,-82.6287783333,native
lythrum_lineare_087.jpeg,https://inaturalist-open-data.s3.amazonaws.com/photos/406299215/medium.jpeg,cc-by-nc,228923264,research,28.9093966667,-82.6287783333,native
lythrum_lineare_088.jpeg,https://inaturalist-open-data.s3.amazonaws.com/photos/405599314/medium.jpeg,cc-by-nc,228558668,research,38.1212585997,-75.1849248,native
lythrum_lineare_089.jpeg,https://inaturalist-open-data.s3.amazonaws.com/photos/405093480/medium.jpeg,cc-by,228292259,research,29.7759323,-93.0150897997,native
lythrum_lineare_090.jpeg,https://inaturalist-open-data.s3.amazonaws.com/photos/404703884/medium.jpeg,cc-by-nc-nd,228084353,research,30.2522889588,-87.6618660986,native
lythrum_lineare_091.jpeg,https://inaturalist-open-data.s3.amazonaws.com/photos/404703928/medium.jpeg,cc-by-nc-nd,228084353,research,30.2522889588,-87.6618660986,native
lythrum_lineare_092.jpeg,https://inaturalist-open-data.s3.amazonaws.com/photos/404703969/medium.jpeg,cc-by-nc-nd,228084353,research,30.2522889588,-87.6618660986,native
lythrum_lineare_093.jpeg,https://inaturalist-open-data.s3.amazonaws.com/photos/404704015/medium.jpeg,cc-by-nc-nd,228084353,research,30.2522889588,-87.6618660986,native
lythrum_lineare_094.jpeg,https://inaturalist-open-data.s3.amazonaws.com/photos/404704066/medium.jpeg,cc-by-nc-nd,228084353,research,30.2522889588,-87.6618660986,native
lythrum_lineare_095.jpeg,https://inaturalist-open-data.s3.amazonaws.com/photos/404704108/medium.jpeg,cc-by-nc-nd,228084353,research,30.2522889588,-87.6618660986,native
lythrum_lineare_096.jpeg,https://inaturalist-open-data.s3.amazonaws.com/photos/404704156/medium.jpeg,cc-by-nc-nd,228084353,research,30.2522889588,-87.6618660986,native
lythrum_lineare_097.jpeg,https://inaturalist-open-data.s3.amazonaws.com/photos/404704205/medium.jpeg,cc-by-nc-nd,228084353,research,30.2522889588,-87.6618660986,native
lythrum_lineare_098.jpg,https://inaturalist-open-data.s3.amazonaws.com/photos/403913920/medium.jpg,cc-by-nc,227667781,research,38.4158383333,-75.9946133333,native
lythrum_lineare_099.jpeg,https://inaturalist-open-data.s3.amazonaws.com/photos/403839597/medium.jpeg,cc-by-nc,227629316,research,38.41588,-75.9945529722,native
lythrum_lineare_100.jpg,https://inaturalist-open-data.s3.amazonaws.com/photos/400339518/medium.jpg,cc-by-nc,225779543,research,35.504355,-77.0299528333,native
lythrum_lineare_101.jpeg,https://inaturalist-open-data.s3.amazonaws.com/photos/399723971/medium.jpeg,cc-by,225453091,research,26.3939959215,-81.8670609065,native
lythrum_lineare_102.jpeg,https://inaturalist-open-data.s3.amazonaws.com/photos/399723957/medium.jpeg,cc-by,225453091,research,26.3939959215,-81.8670609065,native
lythrum_lineare_103.jpeg,https://inaturalist-open-data.s3.amazonaws.com/photos/399723955/medium.jpeg,cc-by,225453091,research,26.3939959215,-81.8670609065,native
lythrum_lineare_104.jpeg,https://inaturalist-open-data.s3.amazonaws.com/photos/399723927/medium.jpeg,cc-by,225453090,research,26.3937900373,-81.8669867606,native
lythrum_lineare_105.jpeg,https://inaturalist-open-data.s3.amazonaws.com/photos/399723934/medium.jpeg,cc-by,225453090,research,26.3937900373,-81.8669867606,native
lythrum_lineare_106.jpeg,https://inaturalist-open-data.s3.amazonaws.com/photos/399723937/medium.jpeg,cc-by,225453089,research,26.394174933,-81.867151275,native
lythrum_lineare_107.jpeg,https://inaturalist-open-data.s3.amazonaws.com/photos/399031267/medium.jpeg,cc-by,225087987,research,29.6832115004,-85.3186530992,native
lythrum_lineare_108.jpeg,https://inaturalist-open-data.s3.amazonaws.com/photos/399031369/medium.jpeg,cc-by,225087987,research,29.6832115004,-85.3186530992,native
lythrum_lineare_109.jpeg,https://inaturalist-open-data.s3.amazonaws.com/photos/399031723/medium.jpeg,cc-by,225087987,research,29.6832115004,-85.3186530992,native
lythrum_lineare_110.jpeg,https://inaturalist-open-data.s3.amazonaws.com/photos/399031759/medium.jpeg,cc-by,225087987,research,29.6832115004,-85.3186530992,native
lythrum_lineare_111.jpeg,https://inaturalist-open-data.s3.amazonaws.com/photos/399031789/medium.jpeg,cc-by,225087987,research,29.6832115004,-85.3186530992,native
lythrum_lineare_112.jpeg,https://inaturalist-open-data.s3.amazonaws.com/photos/399031826/medium.jpeg,cc-by,225087987,research,29.6832115004,-85.3186530992,native
lythrum_lineare_113.jpeg,https://inaturalist-open-data.s3.amazonaws.com/photos/399031856/medium.jpeg,cc-by,225087987,research,29.6832115004,-85.3186530992,native
lythrum_lineare_114.jpg,https://inaturalist-open-data.s3.amazonaws.com/photos/398482384/medium.jpg,cc-by,224803865,research,35.9381716667,-75.81807,native
lythrum_lineare_115.jpg,https://inaturalist-open-data.s3.amazonaws.com/photos/398482339/medium.jpg,cc-by,224803865,research,35.9381716667,-75.81807,native
lythrum_lineare_116.jpeg,https://inaturalist-open-data.s3.amazonaws.com/photos/396729978/medium.jpeg,cc-by,223885184,research,35.6750091657,-75.481167228,native
lythrum_lineare_117.jpeg,https://inaturalist-open-data.s3.amazonaws.com/photos/396730056/medium.jpeg,cc-by,223885184,research,35.6750091657,-75.481167228,native
lythrum_lineare_118.jpeg,https://inaturalist-open-data.s3.amazonaws.com/photos/396730036/medium.jpeg,cc-by,223885184,research,35.6750091657,-75.481167228,native
lythrum_lineare_119.jpg,https://inaturalist-open-data.s3.amazonaws.com/photos/396704840/medium.jpg,cc-by-nc,223869131,needs_id,35.6749083333,-75.48102,native
lythrum_lineare_120.jpg,https://inaturalist-open-data.s3.amazonaws.com/photos/396704899/medium.jpg,cc-by-nc,223869131,needs_id,35.6749083333,-75.48102,native
lythrum_lineare_121.jpg,https://inaturalist-open-data.s3.amazonaws.com/photos/393683830/medium.jpg,cc-by-nc,222258349,research,30.2439633524,-89.8441539333,native
lythrum_lineare_122.jpg,https://inaturalist-open-data.s3.amazonaws.com/photos/391572169/medium.jpg,cc-by-nc,221126344,research,30.3611033333,-88.819275,native
lythrum_lineare_123.jpg,https://inaturalist-open-data.s3.amazonaws.com/photos/391572214/medium.jpg,cc-by-nc,221126344,research,30.3611033333,-88.819275,native
lythrum_lineare_124.jpg,https://inaturalist-open-data.s3.amazonaws.com/photos/391572263/medium.jpg,cc-by-nc,221126344,research,30.3611033333,-88.819275,native
lythrum_lineare_125.jpeg,https://inaturalist-open-data.s3.amazonaws.com/photos/390742639/medium.jpeg,cc-by-nc-nd,220683833,needs_id,30.3026357524,-87.4147974327,native
lythrum_lineare_126.jpeg,https://inaturalist-open-data.s3.amazonaws.com/photos/390742693/medium.jpeg,cc-by-nc-nd,220683833,needs_id,30.3026357524,-87.4147974327,native
lythrum_lineare_127.jpeg,https://inaturalist-open-data.s3.amazonaws.com/photos/390742749/medium.jpeg,cc-by-nc-nd,220683833,needs_id,30.3026357524,-87.4147974327,native
lythrum_lineare_128.jpeg,https://inaturalist-open-data.s3.amazonaws.com/photos/390742788/medium.jpeg,cc-by-nc-nd,220683833,needs_id,30.3026357524,-87.4147974327,native
lythrum_lineare_129.jpeg,https://inaturalist-open-data.s3.amazonaws.com/photos/390742825/medium.jpeg,cc-by-nc-nd,220683833,needs_id,30.3026357524,-87.4147974327,native
lythrum_lineare_130.jpeg,https://inaturalist-open-data.s3.amazonaws.com/photos/390742865/medium.jpeg,cc-by-nc-nd,220683833,needs_id,30.3026357524,-87.4147974327,native
lythrum_lineare_131.jpeg,https://inaturalist-open-data.s3.amazonaws.com/photos/390742902/medium.jpeg,cc-by-nc-nd,220683833,needs_id,30.3026357524,-87.4147974327,native
lythrum_lineare_132.jpeg,https://inaturalist-open-data.s3.amazonaws.com/photos/390742949/medium.jpeg,cc-by-nc-nd,220683833,needs_id,30.3026357524,-87.4147974327,native
lythrum_lineare_133.jpeg,https://inaturalist-open-data.s3.amazonaws.com/photos/390742986/medium.jpeg,cc-by-nc-nd,220683833,needs_id,30.3026357524,-87.4147974327,native
lythrum_lineare_134.jpeg,https://inaturalist-open-data.s3.amazonaws.com/photos/390743023/medium.jpeg,cc-by-nc-nd,220683833,needs_id,30.3026357524,-87.4147974327,native
lythrum_lineare_135.jpeg,https://inaturalist-open-data.s3.amazonaws.com/photos/390743061/medium.jpeg,cc-by-nc-nd,220683833,needs_id,30.3026357524,-87.4147974327,native
lythrum_lineare_136.jpeg,https://inaturalist-open-data.s3.amazonaws.com/photos/390743083/medium.jpeg,cc-by-nc-nd,220683833,needs_id,30.3026357524,-87.4147974327,native
lythrum_lineare_137.jpeg,https://inaturalist-open-data.s3.amazonaws.com/photos/390743115/medium.jpeg,cc-by-nc-nd,220683833,needs_id,30.3026357524,-87.4147974327,native
lythrum_lineare_138.jpeg,https://inaturalist-open-data.s3.amazonaws.com/photos/389227859/medium.jpeg,cc-by-nc,219877795,research,30.2108820997,-88.9720001,native
lythrum_lineare_139.jpeg,https://inaturalist-open-data.s3.amazonaws.com/photos/389228453/medium.jpeg,cc-by-nc,219877795,research,30.2108820997,-88.9720001,native
lythrum_lineare_140.jpeg,https://inaturalist-open-data.s3.amazonaws.com/photos/389241289/medium.jpeg,cc-by-nc,219877795,research,30.2108820997,-88.9720001,native
lythrum_lineare_141.jpeg,https://inaturalist-open-data.s3.amazonaws.com/photos/384176969/medium.jpeg,cc-by-nc,217181989,research,25.4488562997,-80.3494436,native
lythrum_lineare_142.jpeg,https://inaturalist-open-data.s3.amazonaws.com/photos/384177039/medium.jpeg,cc-by-nc,217181989,research,25.4488562997,-80.3494436,native
lythrum_lineare_143.jpg,https://inaturalist-open-data.s3.amazonaws.com/photos/383191126/medium.jpg,cc-by-nc,216658990,needs_id,25.8925040644,-80.2799447151,native
lythrum_lineare_144.jpg,https://inaturalist-open-data.s3.amazonaws.com/photos/383191180/medium.jpg,cc-by-nc,216658990,needs_id,25.8925040644,-80.2799447151,native
lythrum_lineare_145.jpg,https://inaturalist-open-data.s3.amazonaws.com/photos/377199706/medium.jpg,cc-by-nc,213435664,needs_id,32.99444,-79.90084,native
lythrum_lineare_146.jpg,https://inaturalist-open-data.s3.amazonaws.com/photos/377200408/medium.jpg,cc-by-nc,213435664,needs_id,32.99444,-79.90084,native
lythrum_lineare_147.jpg,https://inaturalist-open-data.s3.amazonaws.com/photos/377200650/medium.jpg,cc-by-nc,213435664,needs_id,32.99444,-79.90084,native
lythrum_lineare_148.jpg,https://inaturalist-open-data.s3.amazonaws.com/photos/377196491/medium.jpg,cc-by-nc,213433844,needs_id,32.98047,-79.91982,native
lythrum_lineare_149.jpg,https://inaturalist-open-data.s3.amazonaws.com/photos/377195125/medium.jpg,cc-by-nc,213432986,research,32.98018,-79.91771,native
lythrum_lineare_150.jpg,https://inaturalist-open-data.s3.amazonaws.com/photos/377192824/medium.jpg,cc-by-nc,213431820,needs_id,32.94715,-80.17144,native
lythrum_lineare_151.jpg,https://inaturalist-open-data.s3.amazonaws.com/photos/377193865/medium.jpg,cc-by-nc,213431820,needs_id,32.94715,-80.17144,native
lythrum_lineare_152.jpg,https://inaturalist-open-data.s3.amazonaws.com/photos/377193869/medium.jpg,cc-by-nc,213431820,needs_id,32.94715,-80.17144,native
lythrum_lineare_153.jpg,https://inaturalist-open-data.s3.amazonaws.com/photos/377188713/medium.jpg,cc-by-nc,213429334,needs_id,32.94234,-80.15737,native
lythrum_lineare_154.jpg,https://inaturalist-open-data.s3.amazonaws.com/photos/377189657/medium.jpg,cc-by-nc,213429334,needs_id,32.94234,-80.15737,native
lythrum_lineare_155.jpg,https://inaturalist-open-data.s3.amazonaws.com/photos/377185064/medium.jpg,cc-by-nc,213427341,needs_id,32.94156,-80.1567,native
lythrum_lineare_156.jpeg,https://inaturalist-open-data.s3.amazonaws.com/photos/370864409/medium.jpeg,cc-by,209590642,needs_id,30.2617553,-89.9556829997,native
lythrum_lineare_157.jpeg,https://inaturalist-open-data.s3.amazonaws.com/photos/370864548/medium.jpeg,cc-by,209590642,needs_id,30.2617553,-89.9556829997,native
lythrum_lineare_158.jpg,https://inaturalist-open-data.s3.amazonaws.com/photos/343459657/medium.jpg,cc-by,195258945,research,30.001152,-93.4463669722,native
lythrum_lineare_159.jpg,https://inaturalist-open-data.s3.amazonaws.com/photos/342737542/medium.jpg,cc-by,194906615,needs_id,29.1892925044,-81.0958017856,native
lythrum_lineare_160.jpg,https://inaturalist-open-data.s3.amazonaws.com/photos/342737628/medium.jpg,cc-by,194906615,needs_id,29.1892925044,-81.0958017856,native
lythrum_lineare_161.jpg,https://inaturalist-open-data.s3.amazonaws.com/photos/322547575/medium.jpg,cc0,184755966,research,25.9963106823,-81.0071158366,native
lythrum_lineare_162.jpg,https://inaturalist-open-data.s3.amazonaws.com/photos/322547630/medium.jpg,cc0,184755966,research,25.9963106823,-81.0071158366,native
lythrum_lineare_163.jpg,https://inaturalist-open-data.s3.amazonaws.com/photos/322547722/medium.jpg,cc0,184755966,research,25.9963106823,-81.0071158366,native
lythrum_lineare_164.jpeg,https://inaturalist-open-data.s3.amazonaws.com/photos/320681503/medium.jpeg,cc-by,183780763,research,38.2606666667,-75.1283972222,native
lythrum_lineare_165.jpeg,https://inaturalist-open-data.s3.amazonaws.com/photos/320681520/medium.jpeg,cc-by,183780763,research,38.2606666667,-75.1283972222,native
lythrum_lineare_166.jpeg,https://inaturalist-open-data.s3.amazonaws.com/photos/320681544/medium.jpeg,cc-by,183780763,research,38.2606666667,-75.1283972222,native
lythrum_lineare_167.jpeg,https://inaturalist-open-data.s3.amazonaws.com/photos/320041036/medium.jpeg,cc-by-nc,183443404,needs_id,30.4154138889,-87.8265083333,native
lythrum_lineare_168.jpeg,https://inaturalist-open-data.s3.amazonaws.com/photos/320041027/medium.jpeg,cc-by-nc,183443404,needs_id,30.4154138889,-87.8265083333,native
lythrum_lineare_169.jpeg,https://inaturalist-open-data.s3.amazonaws.com/photos/320041020/medium.jpeg,cc-by-nc,183443404,needs_id,30.4154138889,-87.8265083333,native
lythrum_lineare_170.jpeg,https://inaturalist-open-data.s3.amazonaws.com/photos/320041024/medium.jpeg,cc-by-nc,183443404,needs_id,30.4154138889,-87.8265083333,native
lythrum_lineare_171.jpg,https://inaturalist-open-data.s3.amazonaws.com/photos/315086091/medium.jpg,cc-by-nc,180844651,needs_id,38.3516413231,-75.9374684466,native
lythrum_lineare_172.jpeg,https://inaturalist-open-data.s3.amazonaws.com/photos/314819844/medium.jpeg,cc-by,180704259,research,38.4032388889,-76.2295666667,native
lythrum_lineare_173.jpeg,https://inaturalist-open-data.s3.amazonaws.com/photos/314819803/medium.jpeg,cc-by,180704208,research,38.40315,-76.2292777778,native
lythrum_lineare_174.jpeg,https://inaturalist-open-data.s3.amazonaws.com/photos/314814066/medium.jpeg,cc-by,180701458,research,38.9522388889,-76.23465,native
lythrum_lineare_175.jpeg,https://inaturalist-open-data.s3.amazonaws.com/photos/314814123/medium.jpeg,cc-by,180701458,research,38.9522388889,-76.23465,native
lythrum_lineare_176.jpeg,https://inaturalist-open-data.s3.amazonaws.com/photos/314814012/medium.jpeg,cc-by,180701458,research,38.9522388889,-76.23465,native
lythrum_lineare_177.jpg,https://inaturalist-open-data.s3.amazonaws.com/photos/314427341/medium.jpg,cc-by-nc-sa,180501100,research,34.7411969748,-76.807212892,native
lythrum_lineare_178.jpeg,https://inaturalist-open-data.s3.amazonaws.com/photos/314115457/medium.jpeg,cc-by,180349438,research,36.3706194444,-75.9324416667,native
lythrum_lineare_179.jpeg,https://inaturalist-open-data.s3.amazonaws.com/photos/314115477/medium.jpeg,cc-by,180349438,research,36.3706194444,-75.9324416667,native
lythrum_lineare_180.jpeg,https://inaturalist-open-data.s3.amazonaws.com/photos/314115450/medium.jpeg,cc-by,180349438,research,36.3706194444,-75.9324416667,native
lythrum_lineare_181.jpg,https://inaturalist-open-data.s3.amazonaws.com/photos/314077508/medium.jpg,cc-by-nc,180320275,research,36.3709416667,-75.9327,native
lythrum_lineare_182.jpeg,https://inaturalist-open-data.s3.amazonaws.com/photos/313752554/medium.jpeg,cc-by-nc,180149095,research,30.4186179738,-86.5976269171,native
lythrum_lineare_183.jpeg,https://inaturalist-open-data.s3.amazonaws.com/photos/313752583/medium.jpeg,cc-by-nc,180149095,research,30.4186179738,-86.5976269171,native
lythrum_lineare_184.jpeg,https://inaturalist-open-data.s3.amazonaws.com/photos/313752632/medium.jpeg,cc-by-nc,180149095,research,30.4186179738,-86.5976269171,native
lythrum_lineare_185.jpeg,https://inaturalist-open-data.s3.amazonaws.com/photos/313609028/medium.jpeg,cc-by-nc,180075745,research,36.588467276,-76.1335933333,native
lythrum_lineare_186.jpg,https://inaturalist-open-data.s3.amazonaws.com/photos/310492129/medium.jpg,cc-by-nc,178435139,research,38.2480361111,-75.8299861111,native
lythrum_lineare_187.jpg,https://inaturalist-open-data.s3.amazonaws.com/photos/310492148/medium.jpg,cc-by-nc,178435139,research,38.2480361111,-75.8299861111,native
lythrum_lineare_188.jpg,https://inaturalist-open-data.s3.amazonaws.com/photos/309857781/medium.jpg,cc-by-nc,178103699,research,38.3921551775,-75.8953588374,native
lythrum_lineare_189.jpg,https://inaturalist-open-data.s3.amazonaws.com/photos/309857841/medium.jpg,cc-by-nc,178103699,research,38.3921551775,-75.8953588374,native
lythrum_lineare_190.jpg,https://inaturalist-open-data.s3.amazonaws.com/photos/309653560/medium.jpg,cc-by-nc,177995782,research,38.3580192877,-75.9365310521,native
lythrum_lineare_191.jpg,https://inaturalist-open-data.s3.amazonaws.com/photos/308885797/medium.jpg,cc-by-nc,177587612,research,38.4374111111,-76.0925388889,native
lythrum_lineare_192.jpeg,https://inaturalist-open-data.s3.amazonaws.com/photos/308862381/medium.jpeg,cc-by-nc,177575633,research,28.9078769722,-82.639936,native
lythrum_lineare_193.jpeg,https://inaturalist-open-data.s3.amazonaws.com/photos/308862418/medium.jpeg,cc-by-nc,177575633,research,28.9078769722,-82.639936,native
lythrum_lineare_194.jpg,https://inaturalist-open-data.s3.amazonaws.com/photos/308802411/medium.jpg,cc-by-nc,177543539,needs_id,30.2561761109,-87.678525964,native
lythrum_lineare_195.jpg,https://inaturalist-open-data.s3.amazonaws.com/photos/308802445/medium.jpg,cc-by-nc,177543539,needs_id,30.2561761109,-87.678525964,native
lythrum_lineare_196.jpeg,https://inaturalist-open-data.s3.amazonaws.com/photos/308434760/medium.jpeg,cc-by-nc,177346833,needs_id,38.3579779076,-75.9364791419,native
lythrum_lineare_197.jpeg,https://inaturalist-open-data.s3.amazonaws.com/photos/307968920/medium.jpeg,cc-by-nc,176991583,research,39.5591292204,-74.5785252365,native
lythrum_lineare_198.jpg,https://inaturalist-open-data.s3.amazonaws.com/photos/307485354/medium.jpg,cc-by-nc-sa,176842223,research,34.5535716667,-77.323455,native
lythrum_lineare_199.jpeg,https://inaturalist-open-data.s3.amazonaws.com/photos/305563969/medium.jpeg,cc-by-nc,175810592,research,36.2596336576,-75.79269089,native
lythrum_lineare_200.jpeg,https://inaturalist-open-data.s3.amazonaws.com/photos/305301323/medium.jpeg,cc-by-nc,175662057,needs_id,38.4372801941,-76.0920652604,native
lythrum_lineare_201.jpg,https://inaturalist-open-data.s3.amazonaws.com/photos/304513047/medium.jpg,cc-by-nc,175179689,research,35.1441212823,-75.8853405025,native
lythrum_lineare_202.jpeg,https://inaturalist-open-data.s3.amazonaws.com/photos/301454046/medium.jpeg,cc-by-nc,173578333,research,30.3743138889,-88.7076111111,native
lythrum_lineare_203.jpeg,https://inaturalist-open-data.s3.amazonaws.com/photos/301454061/medium.jpeg,cc-by-nc,173578333,research,30.3743138889,-88.7076111111,native
lythrum_lineare_204.jpeg,https://inaturalist-open-data.s3.amazonaws.com/photos/301454070/medium.jpeg,cc-by-nc,173578333,research,30.3743138889,-88.7076111111,native
lythrum_lineare_205.jpeg,https://inaturalist-open-data.s3.amazonaws.com/photos/300823244/medium.jpeg,cc-by-nc,173239415,research,30.2847138215,-89.9187492893,native
lythrum_lineare_206.jpeg,https://inaturalist-open-data.s3.amazonaws.com/photos/300823201/medium.jpeg,cc-by-nc,173239411,research,30.2845733333,-89.9196199444,native
lythrum_lineare_207.jpg,https://inaturalist-open-data.s3.amazonaws.com/photos/299363777/medium.jpg,cc-by-nc,172445082,research,30.404739924,-86.6668319431,native
lythrum_lineare_208.jpg,https://inaturalist-open-data.s3.amazonaws.com/photos/299363874/medium.jpg,cc-by-nc,172445082,research,30.404739924,-86.6668319431,native
lythrum_lineare_209.jpg,https://inaturalist-open-data.s3.amazonaws.com/photos/298661842/medium.jpg,cc-by-nc,172072790,needs_id,31.1306695,-87.8575133333,native
lythrum_lineare_210.jpg,https://inaturalist-open-data.s3.amazonaws.com/photos/298662026/medium.jpg,cc-by-nc,172072790,needs_id,31.1306695,-87.8575133333,native
lythrum_lineare_211.jpg,https://inaturalist-open-data.s3.amazonaws.com/photos/298662571/medium.jpg,cc-by-nc,172072790,needs_id,31.1306695,-87.8575133333,native
lythrum_lineare_212.jpeg,https://inaturalist-open-data.s3.amazonaws.com/photos/298238641/medium.jpeg,cc-by,171846297,research,35.889743,-75.661538,native
lythrum_lineare_213.jpeg,https://inaturalist-open-data.s3.amazonaws.com/photos/298238721/medium.jpeg,cc-by,171846297,research,35.889743,-75.661538,native
lythrum_lineare_214.jpg,https://inaturalist-open-data.s3.amazonaws.com/photos/297222206/medium.jpg,cc-by-nc,171294720,research,30.3704916667,-88.8275216667,native
lythrum_lineare_215.jpg,https://inaturalist-open-data.s3.amazonaws.com/photos/297222236/medium.jpg,cc-by-nc,171294720,research,30.3704916667,-88.8275216667,native
lythrum_lineare_216.jpg,https://inaturalist-open-data.s3.amazonaws.com/photos/297222268/medium.jpg,cc-by-nc,171294720,research,30.3704916667,-88.8275216667,native
lythrum_lineare_217.jpg,https://inaturalist-open-data.s3.amazonaws.com/photos/297075199/medium.jpg,cc-by-nc,171214513,research,31.7811094271,-81.4020680264,native
lythrum_lineare_218.jpg,https://inaturalist-open-data.s3.amazonaws.com/photos/297075228/medium.jpg,cc-by-nc,171214513,research,31.7811094271,-81.4020680264,native
lythrum_lineare_219.jpg,https://inaturalist-open-data.s3.amazonaws.com/photos/297076818/medium.jpg,cc-by-nc,171214513,research,31.7811094271,-81.4020680264,native
lythrum_lineare_220.jpg,https://inaturalist-open-data.s3.amazonaws.com/photos/298026994/medium.jpg,cc-by-nc,171214513,research,31.7811094271,-81.4020680264,native
lythrum_lineare_221.jpg,https://inaturalist-open-data.s3.amazonaws.com/photos/298027022/medium.jpg,cc-by-nc,171214513,research,31.7811094271,-81.4020680264,native
lythrum_lineare_222.jpeg,https://inaturalist-open-data.s3.amazonaws.com/photos/296950612/medium.jpeg,cc-by-nc,171147540,research,30.3920738967,-88.8002902188,native
lythrum_lineare_223.jpeg,https://inaturalist-open-data.s3.amazonaws.com/photos/296950542/medium.jpeg,cc-by-nc,171147540,research,30.3920738967,-88.8002902188,native
lythrum_lineare_224.jpeg,https://inaturalist-open-data.s3.amazonaws.com/photos/296949840/medium.jpeg,cc-by-nc,171147517,research,30.3920124389,-88.7997649663,native
lythrum_lineare_225.jpeg,https://inaturalist-open-data.s3.amazonaws.com/photos/296801078/medium.jpeg,cc-by-nc,171067701,needs_id,30.4430243068,-88.8664770126,native
lythrum_lineare_226.jpeg,https://inaturalist-open-data.s3.amazonaws.com/photos/292636185/medium.jpeg,cc-by,168827780,needs_id,30.354617,-89.401595,native
lythrum_lineare_227.jpeg,https://inaturalist-open-data.s3.amazonaws.com/photos/292636222/medium.jpeg,cc-by,168827780,needs_id,30.354617,-89.401595,native
lythrum_lineare_228.jpeg,https://inaturalist-open-data.s3.amazonaws.com/photos/292359288/medium.jpeg,cc-by-nc,168682462,needs_id,35.4681893908,-76.9126797672,native
lythrum_lineare_229.jpeg,https://inaturalist-open-data.s3.amazonaws.com/photos/288016713/medium.jpeg,cc-by,166327289,research,26.7073467367,-81.7900395021,native
lythrum_lineare_230.jpeg,https://inaturalist-open-data.s3.amazonaws.com/photos/288016738/medium.jpeg,cc-by,166327289,research,26.7073467367,-81.7900395021,native
lythrum_lineare_231.jpeg,https://inaturalist-open-data.s3.amazonaws.com/photos/288016765/medium.jpeg,cc-by,166327289,research,26.7073467367,-81.7900395021,native
lythrum_lineare_232.jpeg,https://inaturalist-open-data.s3.amazonaws.com/photos/288016801/medium.jpeg,cc-by,166327289,research,26.7073467367,-81.7900395021,native
lythrum_lineare_233.jpg,https://inaturalist-open-data.s3.amazonaws.com/photos/282353677/medium.jpg,cc0,163256753,needs_id,30.2294418362,-88.7212223825,native
lythrum_lineare_234.jpeg,https://inaturalist-open-data.s3.amazonaws.com/photos/275570940/medium.jpeg,cc-by,159497545,needs_id,29.9964529722,-93.435793,native
lythrum_lineare_235.jpg,https://inaturalist-open-data.s3.amazonaws.com/photos/248616719/medium.jpg,cc-by-nc,144806399,research,30.3211283333,-87.2343666667,native
lythrum_lineare_236.jpg,https://inaturalist-open-data.s3.amazonaws.com/photos/248616738/medium.jpg,cc-by-nc,144806399,research,30.3211283333,-87.2343666667,native
lythrum_lineare_237.jpg,https://inaturalist-open-data.s3.amazonaws.com/photos/248616754/medium.jpg,cc-by-nc,144806399,research,30.3211283333,-87.2343666667,native
lythrum_lineare_238.jpeg,https://inaturalist-open-data.s3.amazonaws.com/photos/245248687/medium.jpeg,cc-by-nc,143010126,research,38.4390953791,-76.0917219399,native
lythrum_lineare_239.jpeg,https://inaturalist-open-data.s3.amazonaws.com/photos/243600485/medium.jpeg,cc-by-nc,142116597,research,25.3950818168,-80.5829410374,native
lythrum_lineare_240.jpeg,https://inaturalist-open-data.s3.amazonaws.com/photos/243600504/medium.jpeg,cc-by-nc,142116597,research,25.3950818168,-80.5829410374,native
lythrum_lineare_241.jpeg,https://inaturalist-open-data.s3.amazonaws.com/photos/238697071/medium.jpeg,cc-by-nc,139547601,research,38.428787526,-76.220681179,native
lythrum_lineare_242.jpg,https://inaturalist-open-data.s3.amazonaws.com/photos/238142410/medium.jpg,cc-by-nc,139253653,research,38.948575,-76.22615,native
lythrum_lineare_243.jpg,https://inaturalist-open-data.s3.amazonaws.com/photos/238142391/medium.jpg,cc-by-nc,139253653,research,38.948575,-76.22615,native
lythrum_lineare_244.jpg,https://inaturalist-open-data.s3.amazonaws.com/photos/238142369/medium.jpg,cc-by-nc,139253653,research,38.948575,-76.22615,native
lythrum_lineare_245.jpg,https://inaturalist-open-data.s3.amazonaws.com/photos/232426448/medium.jpg,cc-by-nc-nd,136206714,needs_id,30.2658745548,-87.7118636249,native
lythrum_lineare_246.jpg,https://inaturalist-open-data.s3.amazonaws.com/photos/232426477/medium.jpg,cc-by-nc-nd,136206714,needs_id,30.2658745548,-87.7118636249,native
lythrum_lineare_247.jpeg,https://inaturalist-open-data.s3.amazonaws.com/photos/231254136/medium.jpeg,cc0,135575299,research,28.8953166667,-82.5926527778,native
lythrum_lineare_248.jpeg,https://inaturalist-open-data.s3.amazonaws.com/photos/231254175/medium.jpeg,cc0,135575299,research,28.8953166667,-82.5926527778,native
lythrum_lineare_249.jpeg,https://inaturalist-open-data.s3.amazonaws.com/photos/231254209/medium.jpeg,cc0,135575299,research,28.8953166667,-82.5926527778,native
lythrum_lineare_250.jpeg,https://inaturalist-open-data.s3.amazonaws.com/photos/231254248/medium.jpeg,cc0,135575299,research,28.8953166667,-82.5926527778,native
lythrum_lineare_251.jpeg,https://inaturalist-open-data.s3.amazonaws.com/photos/231254285/medium.jpeg,cc0,135575299,research,28.8953166667,-82.5926527778,native
lythrum_lineare_252.jpg,https://inaturalist-open-data.s3.amazonaws.com/photos/227823302/medium.jpg,cc-by,133724989,research,34.6858333333,-76.6461866667,native
lythrum_lineare_253.jpg,https://inaturalist-open-data.s3.amazonaws.com/photos/227823322/medium.jpg,cc-by,133724989,research,34.6858333333,-76.6461866667,native
lythrum_lineare_254.jpg,https://inaturalist-open-data.s3.amazonaws.com/photos/227823349/medium.jpg,cc-by,133724989,research,34.6858333333,-76.6461866667,native
lythrum_lineare_255.jpeg,https://inaturalist-open-data.s3.amazonaws.com/photos/228958357/medium.jpeg,cc-by,133724989,research,34.6858333333,-76.6461866667,native
lythrum_lineare_256.jpeg,https://inaturalist-open-data.s3.amazonaws.com/photos/226980893/medium.jpeg,cc-by-nc,133270782,research,39.036149,-76.2180809722,native
lythrum_lineare_257.jpeg,https://inaturalist-open-data.s3.amazonaws.com/photos/226148102/medium.jpeg,cc-by,132822750,research,35.9081638889,-75.6698611111,native
lythrum_lineare_258.jpeg,https://inaturalist-open-data.s3.amazonaws.com/photos/226148078/medium.jpeg,cc-by,132822750,research,35.9081638889,-75.6698611111,native
lythrum_lineare_259.jpeg,https://inaturalist-open-data.s3.amazonaws.com/photos/226148052/medium.jpeg,cc-by,132822750,research,35.9081638889,-75.6698611111,native
lythrum_lineare_260.jpeg,https://inaturalist-open-data.s3.amazonaws.com/photos/225808713/medium.jpeg,cc-by-nc,132601013,research,29.7396972222,-84.7221138889,native
lythrum_lineare_261.jpeg,https://inaturalist-open-data.s3.amazonaws.com/photos/225808730/medium.jpeg,cc-by-nc,132601013,research,29.7396972222,-84.7221138889,native
lythrum_lineare_262.jpeg,https://inaturalist-open-data.s3.amazonaws.com/photos/225741179/medium.jpeg,cc-by-nc,132564788,research,38.3288795826,-75.8650204144,native
lythrum_lineare_263.jpeg,https://inaturalist-open-data.s3.amazonaws.com/photos/222461278/medium.jpeg,cc-by-nc,130780678,research,28.9093608997,-82.6288648997,native
lythrum_lineare_264.jpeg,https://inaturalist-open-data.s3.amazonaws.com/photos/222461306/medium.jpeg,cc-by-nc,130780678,research,28.9093608997,-82.6288648997,native
lythrum_lineare_265.jpeg,https://inaturalist-open-data.s3.amazonaws.com/photos/222461339/medium.jpeg,cc-by-nc,130780678,research,28.9093608997,-82.6288648997,native
lythrum_lineare_266.jpg,https://inaturalist-open-data.s3.amazonaws.com/photos/221549582/medium.jpg,cc-by-nc,130288644,research,39.2945830152,-74.7450402473,native
lythrum_lineare_267.jpg,https://inaturalist-open-data.s3.amazonaws.com/photos/221549635/medium.jpg,cc-by-nc,130288644,research,39.2945830152,-74.7450402473,native
lythrum_lineare_268.jpg,https://inaturalist-open-data.s3.amazonaws.com/photos/221549662/medium.jpg,cc-by-nc,130288644,research,39.2945830152,-74.7450402473,native
lythrum_lineare_269.jpg,https://inaturalist-open-data.s3.amazonaws.com/photos/221062139/medium.jpg,cc-by-nc,130027769,research,38.467445,-76.2690583333,native
lythrum_lineare_270.jpg,https://inaturalist-open-data.s3.amazonaws.com/photos/221060033/medium.jpg,cc-by-nc,130026535,research,38.404275,-76.2193216667,native
lythrum_lineare_271.jpeg,https://inaturalist-open-data.s3.amazonaws.com/photos/220863081/medium.jpeg,cc-by-nc,129922053,research,30.3932777778,-88.8012166667,native
lythrum_lineare_272.jpeg,https://inaturalist-open-data.s3.amazonaws.com/photos/220863108/medium.jpeg,cc-by-nc,129922053,research,30.3932777778,-88.8012166667,native
lythrum_lineare_273.jpeg,https://inaturalist-open-data.s3.amazonaws.com/photos/220863122/medium.jpeg,cc-by-nc,129922053,research,30.3932777778,-88.8012166667,native
lythrum_lineare_274.jpeg,https://inaturalist-open-data.s3.amazonaws.com/photos/220863143/medium.jpeg,cc-by-nc,129922053,research,30.3932777778,-88.8012166667,native
lythrum_lineare_275.jpg,https://inaturalist-open-data.s3.amazonaws.com/photos/220231538/medium.jpg,cc-by-nc,129581713,needs_id,30.2471166667,-89.0682221667,native
lythrum_lineare_276.jpg,https://inaturalist-open-data.s3.amazonaws.com/photos/220231572/medium.jpg,cc-by-nc,129581713,needs_id,30.2471166667,-89.0682221667,native
lythrum_lineare_277.jpg,https://inaturalist-open-data.s3.amazonaws.com/photos/220231604/medium.jpg,cc-by-nc,129581713,needs_id,30.2471166667,-89.0682221667,native
lythrum_lineare_278.jpg,https://inaturalist-open-data.s3.amazonaws.com/photos/220231647/medium.jpg,cc-by-nc,129581713,needs_id,30.2471166667,-89.0682221667,native
lythrum_lineare_279.jpeg,https://inaturalist-open-data.s3.amazonaws.com/photos/219938390/medium.jpeg,cc-by-nc,129422231,research,38.9520111111,-76.23505,native
lythrum_lineare_280.jpg,https://inaturalist-open-data.s3.amazonaws.com/photos/219826107/medium.jpg,cc-by-nc,129361287,research,35.9122866667,-75.6657783333,native
lythrum_lineare_281.jpeg,https://inaturalist-open-data.s3.amazonaws.com/photos/219289010/medium.jpeg,cc-by-nc,129065015,research,38.2252444444,-75.7521083333,native
lythrum_lineare_282.jpeg,https://inaturalist-open-data.s3.amazonaws.com/photos/219279917/medium.jpeg,cc-by-nc,129060697,research,38.2473,-75.8295944444,native
lythrum_lineare_283.jpeg,https://inaturalist-open-data.s3.amazonaws.com/photos/219279946/medium.jpeg,cc-by-nc,129060697,research,38.2473,-75.8295944444,native
lythrum_lineare_284.jpeg,https://inaturalist-open-data.s3.amazonaws.com/photos/219002365/medium.jpeg,cc-by-nc,128907578,research,39.1073,-76.5341222222,native
lythrum_lineare_285.jpeg,https://inaturalist-open-data.s3.amazonaws.com/photos/218978323/medium.jpeg,cc-by-nc,128894941,research,38.9668666667,-76.2373972222,native
lythrum_lineare_286.jpg,https://inaturalist-open-data.s3.amazonaws.com/photos/218934789/medium.jpg,cc-by-nc,128861555,research,35.9111783333,-75.6639633333,native
lythrum_lineare_287.jpg,https://inaturalist-open-data.s3.amazonaws.com/photos/218467996/medium.jpg,cc-by,128608043,research,39.5809833333,-74.51152,native
lythrum_lineare_288.jpg,https://inaturalist-open-data.s3.amazonaws.com/photos/218468025/medium.jpg,cc-by,128608043,research,39.5809833333,-74.51152,native
lythrum_lineare_289.jpg,https://inaturalist-open-data.s3.amazonaws.com/photos/218452395/medium.jpg,cc-by,128598915,research,39.582355,-74.5116416667,native
lythrum_lineare_290.jpg,https://inaturalist-open-data.s3.amazonaws.com/photos/217522355/medium.jpg,cc-by-nc,128081965,research,38.1854223185,-75.9718781868,native
lythrum_lineare_291.jpg,https://inaturalist-open-data.s3.amazonaws.com/photos/216978350/medium.jpg,cc-by-nc,127785011,research,29.68658,-85.3016966667,native
lythrum_lineare_292.jpg,https://inaturalist-open-data.s3.amazonaws.com/photos/216437932/medium.jpg,cc-by-nc,127485185,needs_id,30.0939225537,-84.9412201496,native
lythrum_lineare_293.jpg,https://inaturalist-open-data.s3.amazonaws.com/photos/215070369/medium.jpg,cc-by-nc,126737013,research,38.948395,-76.225945,native
lythrum_lineare_294.jpg,https://inaturalist-open-data.s3.amazonaws.com/photos/215070407/medium.jpg,cc-by-nc,126737013,research,38.948395,-76.225945,native
lythrum_lineare_295.jpg,https://inaturalist-open-data.s3.amazonaws.com/photos/215069694/medium.jpg,cc-by-nc,126736599,research,38.952045,-76.2350533333,native
lythrum_lineare_296.jpg,https://inaturalist-open-data.s3.amazonaws.com/photos/214450278/medium.jpg,cc-by-nc,126397906,research,29.670939975,-84.8514900714,native
lythrum_lineare_297.jpeg,https://inaturalist-open-data.s3.amazonaws.com/photos/213725985/medium.jpeg,cc-by-nc,125993455,research,30.3744111111,-88.7075944444,native
lythrum_lineare_298.jpeg,https://inaturalist-open-data.s3.amazonaws.com/photos/213726001/medium.jpeg,cc-by-nc,125993455,research,30.3744111111,-88.7075944444,native
lythrum_lineare_299.jpg,https://inaturalist-open-data.s3.amazonaws.com/photos/212749250/medium.jpg,cc-by-nc,125452724,research,35.9078416667,-75.670175,native
lythrum_lineare_300.jpg,https://inaturalist-open-data.s3.amazonaws.com/photos/212749278/medium.jpg,cc-by-nc,125452724,research,35.9078416667,-75.670175,native
lythrum_lineare_301.jpg,https://inaturalist-open-data.s3.amazonaws.com/photos/212749307/medium.jpg,cc-by-nc,125452724,research,35.9078416667,-75.670175,native
lythrum_lineare_302.jpg,https://inaturalist-open-data.s3.amazonaws.com/photos/212749475/medium.jpg,cc-by-nc,125452724,research,35.9078416667,-75.670175,native
lythrum_lineare_303.jpg,https://inaturalist-open-data.s3.amazonaws.com/photos/210726258/medium.jpg,cc-by-nc-nd,124330418,needs_id,30.3329715863,-87.5316835455,native
lythrum_lineare_304.jpg,https://inaturalist-open-data.s3.amazonaws.com/photos/210726288/medium.jpg,cc-by-nc-nd,124330418,needs_id,30.3329715863,-87.5316835455,native
lythrum_lineare_305.jpg,https://inaturalist-open-data.s3.amazonaws.com/photos/210726310/medium.jpg,cc-by-nc-nd,124330418,needs_id,30.3329715863,-87.5316835455,native
lythrum_lineare_306.jpg,https://inaturalist-open-data.s3.amazonaws.com/photos/208571624/medium.jpg,cc-by-nc,123137368,research,30.3670866667,-88.834945,native
lythrum_lineare_307.jpg,https://inaturalist-open-data.s3.amazonaws.com/photos/208571664/medium.jpg,cc-by-nc,123137368,research,30.3670866667,-88.834945,native
lythrum_lineare_308.jpg,https://inaturalist-open-data.s3.amazonaws.com/photos/208571682/medium.jpg,cc-by-nc,123137368,research,30.3670866667,-88.834945,native
lythrum_lineare_309.jpg,https://inaturalist-open-data.s3.amazonaws.com/photos/208571717/medium.jpg,cc-by-nc,123137368,research,30.3670866667,-88.834945,native
lythrum_lineare_310.jpg,https://inaturalist-open-data.s3.amazonaws.com/photos/208251690/medium.jpg,cc-by,122962475,needs_id,30.394486946,-86.5331269791,native
lythrum_lineare_311.jpg,https://inaturalist-open-data.s3.amazonaws.com/photos/207716740/medium.jpg,cc-by,122669148,research,30.3870095271,-86.4841695536,native
lythrum_lineare_312.jpg,https://inaturalist-open-data.s3.amazonaws.com/photos/172923655/medium.jpg,cc-by-nc,103336867,research,30.3509889141,-81.5381664174,native
lythrum_lineare_313.jpg,https://inaturalist-open-data.s3.amazonaws.com/photos/172923668/medium.jpg,cc-by-nc,103336867,research,30.3509889141,-81.5381664174,native
lythrum_lineare_314.jpeg,https://inaturalist-open-data.s3.amazonaws.com/photos/153549663/medium.jpeg,cc-by-nc,92715401,research,29.2867871149,-83.0577643581,native
lythrum_lineare_315.jpeg,https://inaturalist-open-data.s3.amazonaws.com/photos/151974784/medium.jpeg,cc-by-nc,91838725,research,37.750573,-76.520206,native
lythrum_lineare_316.jpeg,https://inaturalist-open-data.s3.amazonaws.com/photos/151974807/medium.jpeg,cc-by-nc,91838725,research,37.750573,-76.520206,native
lythrum_lineare_317.jpeg,https://inaturalist-open-data.s3.amazonaws.com/photos/151974828/medium.jpeg,cc-by-nc,91838725,research,37.750573,-76.520206,native
lythrum_lineare_318.jpeg,https://inaturalist-open-data.s3.amazonaws.com/photos/151974842/medium.jpeg,cc-by-nc,91838725,research,37.750573,-76.520206,native
lythrum_lineare_319.jpeg,https://inaturalist-open-data.s3.amazonaws.com/photos/149813875/medium.jpeg,cc-by-nc,90632332,research,38.4373472222,-76.0925638889,native
lythrum_lineare_320.jpeg,https://inaturalist-open-data.s3.amazonaws.com/photos/149772611/medium.jpeg,cc-by-nc,90610138,research,38.43737481,-76.09256652,native
lythrum_lineare_321.jpeg,https://inaturalist-open-data.s3.amazonaws.com/photos/149772637/medium.jpeg,cc-by-nc,90610138,research,38.43737481,-76.09256652,native
lythrum_lineare_322.jpg,https://inaturalist-open-data.s3.amazonaws.com/photos/149732255/medium.jpg,cc-by-nc,90588237,research,38.82873,-76.1237416667,native
lythrum_lineare_323.jpeg,https://inaturalist-open-data.s3.amazonaws.com/photos/149523954/medium.jpeg,cc-by-nc,90468952,research,38.3645523459,-75.9347587033,native
lythrum_lineare_324.jpg,https://inaturalist-open-data.s3.amazonaws.com/photos/149067375/medium.jpg,cc-by,90211569,research,38.3992951562,-76.0636457846,native
lythrum_lineare_325.jpg,https://inaturalist-open-data.s3.amazonaws.com/photos/148281323/medium.jpg,cc-by-nc,89771100,research,35.1107766367,-75.9725449218,native
lythrum_lineare_326.jpeg,https://inaturalist-open-data.s3.amazonaws.com/photos/147829172/medium.jpeg,cc-by-nc,89514030,research,38.3997979194,-76.493777325,native
lythrum_lineare_327.jpeg,https://inaturalist-open-data.s3.amazonaws.com/photos/147829214/medium.jpeg,cc-by-nc,89514030,research,38.3997979194,-76.493777325,native
lythrum_lineare_328.jpeg,https://inaturalist-open-data.s3.amazonaws.com/photos/147829278/medium.jpeg,cc-by-nc,89514030,research,38.3997979194,-76.493777325,native
lythrum_lineare_329.jpeg,https://inaturalist-open-data.s3.amazonaws.com/photos/147829319/medium.jpeg,cc-by-nc,89514030,research,38.3997979194,-76.493777325,native
lythrum_lineare_330.jpeg,https://inaturalist-open-data.s3.amazonaws.com/photos/146792464/medium.jpeg,cc-by-nc,88927314,research,30.36015629,-88.60573463,native
lythrum_lineare_331.jpeg,https://inaturalist-open-data.s3.amazonaws.com/photos/146020080/medium.jpeg,cc-by-nc,88495831,research,29.6959182466,-92.2173928482,native
lythrum_lineare_332.jpg,https://inaturalist-open-data.s3.amazonaws.com/photos/144487559/medium.jpg,cc-by-nc,87625310,research,35.1087612524,-75.9860465885,native
lythrum_lineare_333.jpg,https://inaturalist-open-data.s3.amazonaws.com/photos/144487610/medium.jpg,cc-by-nc,87625310,research,35.1087612524,-75.9860465885,native
lythrum_lineare_334.jpg,https://inaturalist-open-data.s3.amazonaws.com/photos/143830956/medium.jpg,cc-by-nc,87257309,research,29.69952,-85.2012783333,native
lythrum_lineare_335.jpg,https://inaturalist-open-data.s3.amazonaws.com/photos/143830933/medium.jpg,cc-by-nc,87257309,research,29.69952,-85.2012783333,native
lythrum_lineare_336.jpg,https://inaturalist-open-data.s3.amazonaws.com/photos/143830972/medium.jpg,cc-by-nc,87257309,research,29.69952,-85.2012783333,native
lythrum_lineare_337.jpg,https://inaturalist-open-data.s3.amazonaws.com/photos/143830981/medium.jpg,cc-by-nc,87257309,research,29.69952,-85.2012783333,native
lythrum_lineare_338.jpg,https://inaturalist-open-data.s3.amazonaws.com/photos/143830990/medium.jpg,cc-by-nc,87257309,research,29.69952,-85.2012783333,native
lythrum_lineare_339.jpg,https://inaturalist-open-data.s3.amazonaws.com/photos/143830999/medium.jpg,cc-by-nc,87257309,research,29.69952,-85.2012783333,native
lythrum_lineare_340.jpg,https://inaturalist-open-data.s3.amazonaws.com/photos/143831007/medium.jpg,cc-by-nc,87257309,research,29.69952,-85.2012783333,native
lythrum_lineare_341.jpg,https://inaturalist-open-data.s3.amazonaws.com/photos/143831018/medium.jpg,cc-by-nc,87257309,research,29.69952,-85.2012783333,native
lythrum_lineare_342.jpg,https://inaturalist-open-data.s3.amazonaws.com/photos/143181221/medium.jpg,cc-by-nc,86869421,research,30.3209484509,-88.4739165288,native
lythrum_lineare_343.jpeg,https://inaturalist-open-data.s3.amazonaws.com/photos/142789245/medium.jpeg,cc-by-nc,86654408,research,38.2471916667,-75.8296611111,native
lythrum_lineare_344.jpg,https://inaturalist-open-data.s3.amazonaws.com/photos/141989385/medium.jpg,cc-by-nc,86213126,research,39.4204560198,-74.5001386722,native
lythrum_lineare_345.jpg,https://inaturalist-open-data.s3.amazonaws.com/photos/141989430/medium.jpg,cc-by-nc,86213126,research,39.4204560198,-74.5001386722,native
lythrum_lineare_346.jpg,https://inaturalist-open-data.s3.amazonaws.com/photos/141989570/medium.jpg,cc-by-nc,86213126,research,39.4204560198,-74.5001386722,native
lythrum_lineare_347.jpg,https://inaturalist-open-data.s3.amazonaws.com/photos/141989647/medium.jpg,cc-by-nc,86213126,research,39.4204560198,-74.5001386722,native
lythrum_lineare_348.jpeg,https://inaturalist-open-data.s3.amazonaws.com/photos/141949427/medium.jpeg,cc-by-nc,86192156,research,33.97247319,-77.9199339,native
lythrum_lineare_349.jpeg,https://inaturalist-open-data.s3.amazonaws.com/photos/141949444/medium.jpeg,cc-by-nc,86192156,research,33.97247319,-77.9199339,native
lythrum_lineare_350.jpeg,https://inaturalist-open-data.s3.amazonaws.com/photos/141949481/medium.jpeg,cc-by-nc,86192156,research,33.97247319,-77.9199339,native
lythrum_lineare_351.jpg,https://inaturalist-open-data.s3.amazonaws.com/photos/140025571/medium.jpg,cc-by-nc,85134884,research,39.2997198445,-74.7960566518,native
lythrum_lineare_352.jpg,https://inaturalist-open-data.s3.amazonaws.com/photos/136643280/medium.jpg,cc-by-nc,83211659,research,29.7757152506,-85.3862762105,native
lythrum_lineare_353.jpg,https://inaturalist-open-data.s3.amazonaws.com/photos/136643306/medium.jpg,cc-by-nc,83211659,research,29.7757152506,-85.3862762105,native
lythrum_lineare_354.jpg,https://inaturalist-open-data.s3.amazonaws.com/photos/136643326/medium.jpg,cc-by-nc,83211659,research,29.7757152506,-85.3862762105,native
lythrum_lineare_355.jpg,https://inaturalist-open-data.s3.amazonaws.com/photos/136643350/medium.jpg,cc-by-nc,83211659,research,29.7757152506,-85.3862762105,native
lythrum_lineare_356.jpeg,https://inaturalist-open-data.s3.amazonaws.com/photos/136053110/medium.jpeg,cc-by-nc,82872747,research,30.3279223,-87.3585805,native
lythrum_lineare_357.jpeg,https://inaturalist-open-data.s3.amazonaws.com/photos/136053146/medium.jpeg,cc-by-nc,82872747,research,30.3279223,-87.3585805,native
lythrum_lineare_358.jpeg,https://inaturalist-open-data.s3.amazonaws.com/photos/135312734/medium.jpeg,cc-by-nc,82419239,research,30.35257966,-88.39398564,native
lythrum_lineare_359.jpeg,https://inaturalist-open-data.s3.amazonaws.com/photos/135312761/medium.jpeg,cc-by-nc,82419239,research,30.35257966,-88.39398564,native
lythrum_lineare_360.jpeg,https://inaturalist-open-data.s3.amazonaws.com/photos/135312786/medium.jpeg,cc-by-nc,82419239,research,30.35257966,-88.39398564,native
lythrum_lineare_361.jpg,https://inaturalist-open-data.s3.amazonaws.com/photos/121863704/medium.jpg,cc-by-nc,74555947,research,29.3842757767,-82.7170180114,native
lythrum_lineare_362.jpeg,https://inaturalist-open-data.s3.amazonaws.com/photos/95905437/medium.jpeg,cc-by-nc,59997929,research,30.3611361111,-88.6705027778,native
lythrum_lineare_363.jpeg,https://inaturalist-open-data.s3.amazonaws.com/photos/95905447/medium.jpeg,cc-by-nc,59997929,research,30.3611361111,-88.6705027778,native
lythrum_lineare_364.jpeg,https://inaturalist-open-data.s3.amazonaws.com/photos/95905462/medium.jpeg,cc-by-nc,59997929,research,30.3611361111,-88.6705027778,native
lythrum_lineare_365.jpeg,https://inaturalist-open-data.s3.amazonaws.com/photos/92619346/medium.jpeg,cc-by,58034210,research,30.5124919757,-88.7048855079,native
lythrum_lineare_366.jpeg,https://inaturalist-open-data.s3.amazonaws.com/photos/92494530/medium.jpeg,cc-by-nc,57959807,research,26.712344,-81.8109527,native
lythrum_lineare_367.jpeg,https://inaturalist-open-data.s3.amazonaws.com/photos/92494755/medium.jpeg,cc-by-nc,57959807,research,26.712344,-81.8109527,native
lythrum_lineare_368.jpeg,https://inaturalist-open-data.s3.amazonaws.com/photos/91749988/medium.jpeg,cc-by-nc,57516433,research,25.8315433333,-81.1003966667,native
lythrum_lineare_369.jpeg,https://inaturalist-open-data.s3.amazonaws.com/photos/91744395/medium.jpeg,cc-by-nc,57513691,research,26.7108133333,-81.8108516667,native
lythrum_lineare_370.jpeg,https://inaturalist-open-data.s3.amazonaws.com/photos/89348923/medium.jpeg,cc-by-nc,56088390,research,29.2885304226,-83.0545184715,native
lythrum_lineare_371.jpg,https://inaturalist-open-data.s3.amazonaws.com/photos/88443315/medium.jpg,cc-by-nc,55538497,research,29.6997166667,-85.2012333333,native
lythrum_lineare_372.jpg,https://inaturalist-open-data.s3.amazonaws.com/photos/88443257/medium.jpg,cc-by-nc,55538497,research,29.6997166667,-85.2012333333,native
lythrum_lineare_373.jpg,https://inaturalist-open-data.s3.amazonaws.com/photos/88443296/medium.jpg,cc-by-nc,55538497,research,29.6997166667,-85.2012333333,native
lythrum_lineare_374.jpg,https://inaturalist-open-data.s3.amazonaws.com/photos/88443181/medium.jpg,cc-by-nc,55538497,research,29.6997166667,-85.2012333333,native
lythrum_lineare_375.jpg,https://inaturalist-open-data.s3.amazonaws.com/photos/88443276/medium.jpg,cc-by-nc,55538497,research,29.6997166667,-85.2012333333,native
lythrum_lineare_376.jpg,https://inaturalist-open-data.s3.amazonaws.com/photos/88443238/medium.jpg,cc-by-nc,55538497,research,29.6997166667,-85.2012333333,native
lythrum_lineare_377.jpeg,https://inaturalist-open-data.s3.amazonaws.com/photos/87660955/medium.jpeg,cc-by-nc,55068757,research,30.2545819722,-87.6689789722,native
lythrum_lineare_378.jpg,https://inaturalist-open-data.s3.amazonaws.com/photos/86065031/medium.jpg,cc-by-nc,54094455,research,39.5554685843,-74.5175047195,native
lythrum_lineare_379.jpg,https://inaturalist-open-data.s3.amazonaws.com/photos/86065005/medium.jpg,cc-by-nc,54094455,research,39.5554685843,-74.5175047195,native
lythrum_lineare_380.jpg,https://inaturalist-open-data.s3.amazonaws.com/photos/86055540/medium.jpg,cc-by-nc,54094455,research,39.5554685843,-74.5175047195,native
lythrum_lineare_381.jpg,https://inaturalist-open-data.s3.amazonaws.com/photos/86065020/medium.jpg,cc-by-nc,54094455,research,39.5554685843,-74.5175047195,native
lythrum_lineare_382.jpg,https://inaturalist-open-data.s3.amazonaws.com/photos/85708759/medium.jpg,cc-by-nc,53880063,research,39.6571352375,-74.3967658331,native
lythrum_lineare_383.jpeg,https://inaturalist-open-data.s3.amazonaws.com/photos/85725606/medium.jpeg,cc-by-nc,53880063,research,39.6571352375,-74.3967658331,native
lythrum_lineare_384.jpeg,https://inaturalist-open-data.s3.amazonaws.com/photos/85725620/medium.jpeg,cc-by-nc,53880063,research,39.6571352375,-74.3967658331,native
lythrum_lineare_385.jpeg,https://inaturalist-open-data.s3.amazonaws.com/photos/85725652/medium.jpeg,cc-by-nc,53880063,research,39.6571352375,-74.3967658331,native
lythrum_lineare_386.jpeg,https://inaturalist-open-data.s3.amazonaws.com/photos/85725656/medium.jpeg,cc-by-nc,53880063,research,39.6571352375,-74.3967658331,native
lythrum_lineare_387.jpg,https://inaturalist-open-data.s3.amazonaws.com/photos/85534617/medium.jpg,cc-by-nc,53771563,research,29.635147,-85.141855,native
lythrum_lineare_388.jpg,https://inaturalist-open-data.s3.amazonaws.com/photos/85534599/medium.jpg,cc-by-nc,53771563,research,29.635147,-85.141855,native
lythrum_lineare_389.jpg,https://inaturalist-open-data.s3.amazonaws.com/photos/85534655/medium.jpg,cc-by-nc,53771563,research,29.635147,-85.141855,native
lythrum_lineare_390.jpg,https://inaturalist-open-data.s3.amazonaws.com/photos/85534641/medium.jpg,cc-by-nc,53771563,research,29.635147,-85.141855,native
lythrum_lineare_391.jpg,https://inaturalist-open-data.s3.amazonaws.com/photos/84378234/medium.jpg,cc-by-nc,53064344,research,25.75701,-80.8618009999,native
lythrum_lineare_392.jpg,https://inaturalist-open-data.s3.amazonaws.com/photos/84378259/medium.jpg,cc-by-nc,53064344,research,25.75701,-80.8618009999,native
lythrum_lineare_393.jpg,https://inaturalist-open-data.s3.amazonaws.com/photos/84378279/medium.jpg,cc-by-nc,53064344,research,25.75701,-80.8618009999,native
lythrum_lineare_394.jpeg,https://inaturalist-open-data.s3.amazonaws.com/photos/83669049/medium.jpeg,cc-by-nc,52630563,research,30.3930768732,-88.8009564779,native
lythrum_lineare_395.jpeg,https://inaturalist-open-data.s3.amazonaws.com/photos/83669071/medium.jpeg,cc-by-nc,52630563,research,30.3930768732,-88.8009564779,native
lythrum_lineare_396.jpeg,https://inaturalist-open-data.s3.amazonaws.com/photos/83669086/medium.jpeg,cc-by-nc,52630563,research,30.3930768732,-88.8009564779,native
lythrum_lineare_397.jpeg,https://inaturalist-open-data.s3.amazonaws.com/photos/83669106/medium.jpeg,cc-by-nc,52630563,research,30.3930768732,-88.8009564779,native
lythrum_lineare_398.jpeg,https://inaturalist-open-data.s3.amazonaws.com/photos/82042020/medium.jpeg,cc-by-nc,51631589,research,30.392075,-88.8007055556,native
lythrum_lineare_399.jpeg,https://inaturalist-open-data.s3.amazonaws.com/photos/82042004/medium.jpeg,cc-by-nc,51631589,research,30.392075,-88.8007055556,native
lythrum_lineare_400.jpeg,https://inaturalist-open-data.s3.amazonaws.com/photos/82042034/medium.jpeg,cc-by-nc,51631589,research,30.392075,-88.8007055556,native
lythrum_lineare_401.jpeg,https://inaturalist-open-data.s3.amazonaws.com/photos/82042054/medium.jpeg,cc-by-nc,51631589,research,30.392075,-88.8007055556,native
lythrum_lineare_402.jpeg,https://inaturalist-open-data.s3.amazonaws.com/photos/81067242/medium.jpeg,cc-by,51035505,research,25.979813,-81.416217,native
lythrum_lineare_403.jpg,https://inaturalist-open-data.s3.amazonaws.com/photos/81067264/medium.jpg,cc-by,51035505,research,25.979813,-81.416217,native
lythrum_lineare_404.jpg,https://inaturalist-open-data.s3.amazonaws.com/photos/80917342/medium.jpg,cc-by-nc,50943844,research,26.14679717,-81.58356333,native
lythrum_lineare_405.jpg,https://inaturalist-open-data.s3.amazonaws.com/photos/80917354/medium.jpg,cc-by-nc,50943844,research,26.14679717,-81.58356333,native
lythrum_lineare_406.jpg,https://inaturalist-open-data.s3.amazonaws.com/photos/80917369/medium.jpg,cc-by-nc,50943844,research,26.14679717,-81.58356333,native
lythrum_lineare_407.jpg,https://inaturalist-open-data.s3.amazonaws.com/photos/80166596/medium.jpg,cc0,50488683,research,26.1228305047,-81.7177407155,native
lythrum_lineare_408.jpg,https://inaturalist-open-data.s3.amazonaws.com/photos/80166613/medium.jpg,cc0,50488683,research,26.1228305047,-81.7177407155,native
lythrum_lineare_409.jpg,https://inaturalist-open-data.s3.amazonaws.com/photos/72384306/medium.jpg,cc-by-nc,45643817,research,26.1495666667,-81.5705866667,native
lythrum_lineare_410.jpg,https://inaturalist-open-data.s3.amazonaws.com/photos/72384321/medium.jpg,cc-by-nc,45643817,research,26.1495666667,-81.5705866667,native
lythrum_lineare_411.jpg,https://inaturalist-open-data.s3.amazonaws.com/photos/72384334/medium.jpg,cc-by-nc,45643817,research,26.1495666667,-81.5705866667,native
lythrum_lineare_412.jpg,https://inaturalist-open-data.s3.amazonaws.com/photos/52307827/medium.jpg,cc-by-nc,33309047,research,30.3744611111,-88.7076111111,native
lythrum_lineare_413.jpg,https://inaturalist-open-data.s3.amazonaws.com/photos/52307796/medium.jpg,cc-by-nc,33309047,research,30.3744611111,-88.7076111111,native
lythrum_lineare_414.jpg,https://inaturalist-open-data.s3.amazonaws.com/photos/52307804/medium.jpg,cc-by-nc,33309047,research,30.3744611111,-88.7076111111,native
lythrum_lineare_415.jpg,https://inaturalist-open-data.s3.amazonaws.com/photos/52307816/medium.jpg,cc-by-nc,33309047,research,30.3744611111,-88.7076111111,native
lythrum_lineare_416.jpg,https://inaturalist-open-data.s3.amazonaws.com/photos/52307822/medium.jpg,cc-by-nc,33309047,research,30.3744611111,-88.7076111111,native
lythrum_lineare_417.jpg,https://inaturalist-open-data.s3.amazonaws.com/photos/52307887/medium.jpg,cc-by-nc,33309047,research,30.3744611111,-88.7076111111,native
lythrum_lineare_418.jpeg,https://inaturalist-open-data.s3.amazonaws.com/photos/51016118/medium.jpeg,cc-by-nc,32521790,research,29.2718756291,-83.0576917778,native
lythrum_lineare_419.jpeg,https://inaturalist-open-data.s3.amazonaws.com/photos/51015593/medium.jpeg,cc-by-nc,32521787,research,29.2709118034,-83.0584003068,native
lythrum_lineare_420.jpeg,https://inaturalist-open-data.s3.amazonaws.com/photos/47043880/medium.jpeg,cc-by-nc,30123953,research,29.7303981781,-92.2601242065,native
lythrum_lineare_421.jpeg,https://inaturalist-open-data.s3.amazonaws.com/photos/47043892/medium.jpeg,cc-by-nc,30123953,research,29.7303981781,-92.2601242065,native
lythrum_lineare_422.jpeg,https://inaturalist-open-data.s3.amazonaws.com/photos/47043903/medium.jpeg,cc-by-nc,30123953,research,29.7303981781,-92.2601242065,native
lythrum_lineare_423.jpeg,https://inaturalist-open-data.s3.amazonaws.com/photos/47043910/medium.jpeg,cc-by-nc,30123953,research,29.7303981781,-92.2601242065,native
lythrum_lineare_424.jpeg,https://inaturalist-open-data.s3.amazonaws.com/photos/47043922/medium.jpeg,cc-by-nc,30123953,research,29.7303981781,-92.2601242065,native
lythrum_lineare_425.jpeg,https://inaturalist-open-data.s3.amazonaws.com/photos/46160156/medium.jpeg,cc-by-nc,29572531,needs_id,30.4478359222,-88.5776977539,native
lythrum_lineare_426.jpeg,https://inaturalist-open-data.s3.amazonaws.com/photos/45470158/medium.jpeg,cc-by-nc,29142320,research,29.305890083,-83.0720916826,native
lythrum_lineare_427.jpg,https://inaturalist-open-data.s3.amazonaws.com/photos/45245800/medium.jpg,cc-by-nc,29004951,research,27.5221747703,-82.4251355478,native
lythrum_lineare_428.jpg,https://inaturalist-open-data.s3.amazonaws.com/photos/45245812/medium.jpg,cc-by-nc,29004951,research,27.5221747703,-82.4251355478,native
lythrum_lineare_429.jpg,https://inaturalist-open-data.s3.amazonaws.com/photos/42647188/medium.jpg,cc-by-nc,27410935,research,30.3742777778,-88.7074444444,native
lythrum_lineare_430.jpg,https://inaturalist-open-data.s3.amazonaws.com/photos/42647196/medium.jpg,cc-by-nc,27410935,research,30.3742777778,-88.7074444444,native
lythrum_lineare_431.jpeg,https://inaturalist-open-data.s3.amazonaws.com/photos/24547087/medium.jpeg,cc-by-nc,16335015,research,33.946052291,-78.2472697172,native
lythrum_lineare_432.jpg,https://inaturalist-open-data.s3.amazonaws.com/photos/24546167/medium.jpg,cc-by-nc,16334663,research,35.129928,-75.922447,native
lythrum_lineare_433.jpeg,https://inaturalist-open-data.s3.amazonaws.com/photos/23090947/medium.jpeg,cc-by-nc,15405249,research,29.3073922013,-83.0724627289,native
lythrum_lineare_434.jpeg,https://inaturalist-open-data.s3.amazonaws.com/photos/21009583/medium.jpeg,cc-by-nc,14170972,research,30.4676138889,-88.1065222222,native
lythrum_lineare_435.jpeg,https://inaturalist-open-data.s3.amazonaws.com/photos/21009575/medium.jpeg,cc-by-nc,14170972,research,30.4676138889,-88.1065222222,native
lythrum_lineare_436.jpg,https://inaturalist-open-data.s3.amazonaws.com/photos/20473246/medium.jpg,cc-by-nc,13868829,research,30.3482388889,-88.7136916667,native
lythrum_lineare_437.jpg,https://inaturalist-open-data.s3.amazonaws.com/photos/20473257/medium.jpg,cc-by-nc,13868829,research,30.3482388889,-88.7136916667,native
lythrum_lineare_438.jpg,https://inaturalist-open-data.s3.amazonaws.com/photos/20473263/medium.jpg,cc-by-nc,13868829,research,30.3482388889,-88.7136916667,native
lythrum_lineare_439.jpg,https://inaturalist-open-data.s3.amazonaws.com/photos/20473264/medium.jpg,cc-by-nc,13868829,research,30.3482388889,-88.7136916667,native
lythrum_lineare_440.jpg,https://inaturalist-open-data.s3.amazonaws.com/photos/16484662/medium.jpg,cc-by-nc,11545712,needs_id,30.8907617981,-93.0734305127,native
lythrum_lineare_441.jpg,https://inaturalist-open-data.s3.amazonaws.com/photos/10434120/medium.jpg,cc-by-nc,7908523,research,30.3743561908,-88.7076258659,native
lythrum_lineare_442.jpg,https://inaturalist-open-data.s3.amazonaws.com/photos/10437309/medium.jpg,cc-by-nc,7908523,research,30.3743561908,-88.7076258659,native
lythrum_lineare_443.jpg,https://inaturalist-open-data.s3.amazonaws.com/photos/501115/medium.jpg,cc-by,400372,research,37.908951,-75.350641,native
lythrum_lineare_444.jpg,https://inaturalist-open-data.s3.amazonaws.com/photos/164756/medium.jpg,cc-by,114458,research,35.2324272167,-75.5310910667,native
lythrum_lineare_445.jpg,https://inaturalist-open-data.s3.amazonaws.com/photos/164757/medium.jpg,cc-by,114458,research,35.2324272167,-75.5310910667,native
