Original name,Entire name,OSM Tags,Nominatim URL,lat,lon,bbox,area
Afghanistan,Islamic Republic of Afghanistan,"boundary=administrative, admin_level=2",https://nominatim.openstreetmap.org/search?country=Afghanistan&format=json&limit=1,33.7680065,66.2385139,"[29.3772926, 38.4910682, 60.5176034, 74.889862]",130.98553974557012
Alabama,State of Alabama (USA),"boundary=administrative, admin_level=4",https://nominatim.openstreetmap.org/search?country=USA&state=Alabama&format=json&limit=1,33.2588817,-86.8295337,"[30.143376, 35.0081121, -88.4731014, -84.8882885]",17.439168726375698
Alaska,State of Alaska (USA),"boundary=administrative, admin_level=4",https://nominatim.openstreetmap.org/search?country=USA&state=Alaska&format=json&limit=1,64.4459613,-149.680909,"[51.0070029, 71.5889534, -180.0, 180.0]",7409.502179999997
Albania,Republic of Albania,"boundary=administrative, admin_level=2",https://nominatim.openstreetmap.org/search?country=Albania&format=json&limit=1,41.000028,19.9999619,"[39.640394, 42.6610848, 19.0009866, 21.0574335]",6.211890231518506
Alberta,Province of Alberta (Canada),"boundary=administrative, admin_level=4",https://nominatim.openstreetmap.org/search?country=Canada&state=Alberta&format=json&limit=1,55.001251,-115.002136,"[48.9966667, 60.0004699, -120.0013835, -110.0047639]",110.00083474366275
Algeria,People's Democratic Republic of Algeria,"boundary=administrative, admin_level=2",https://nominatim.openstreetmap.org/search?country=Algeria&format=json&limit=1,28.0000272,2.9999825,"[18.968147, 37.2962055, -8.668908, 11.997337]",378.77214733533253
Altay,Altai Republic (Russia),"boundary=administrative, admin_level=4",https://nominatim.openstreetmap.org/search?q=Altai%20Republic%20Russia&format=json&limit=1,50.7114101,86.8572186,"[49.0708578, 52.660268, 83.9328028, 89.8656495]",21.295420460016356
Amur,Amur Oblast (Russia),"boundary=administrative, admin_level=4",https://nominatim.openstreetmap.org/search?q=Amur%20Oblast%20Russia&format=json&limit=1,52.8032368,128.437295,"[48.8531005, 57.0605084, 119.6553908, 134.9209128]",125.29036586042382
Argentina Northeast,Northeastern Argentina,place=region,https://nominatim.openstreetmap.org/search?q=Northeastern%20Argentina&format=json&limit=1,-28.833396,-59.358107,"[-35.542023, -22.124769, -64.051196, -54.665018]",125.928
Argentina Northwest,Northwestern Argentina,place=region,https://nominatim.openstreetmap.org/search?q=Northwestern%20Argentina&format=json&limit=1,-29.537130,-65.742956,"[-35.938439, -23.135821, -68.423619, -63.062292]",68.597
Argentina South,Southern Argentina,place=region,https://nominatim.openstreetmap.org/search?q=Southern%20Argentina&format=json&limit=1,-44.424314,-63.589635,"[-54.709077, -34.139550, -70.796666, -56.382604]",296.447
Arizona,State of Arizona (USA),"boundary=administrative, admin_level=4",https://nominatim.openstreetmap.org/search?country=USA&state=Arizona&format=json&limit=1,34.395342,-111.763275,"[31.3322135, 37.0038722, -114.8183584, -109.045131]",32.74377541028837
Arkansas,State of Arkansas (USA),"boundary=administrative, admin_level=4",https://nominatim.openstreetmap.org/search?country=USA&state=Arkansas&format=json&limit=1,35.2048883,-92.4479108,"[33.0042455, 36.4996, -94.6178753, -89.644395]",17.38407674726631
Austria,Republic of Austria,"boundary=administrative, admin_level=2",https://nominatim.openstreetmap.org/search?country=Austria&format=json&limit=1,47.59397,14.12456,"[46.3722987, 49.0205249, 9.5307487, 17.1607728]",20.20602972825139
Azores,Autonomous Region of the Azores (Portugal),"boundary=administrative, admin_level=4",https://nominatim.openstreetmap.org/search?country=Portugal&state=Azores&format=json&limit=1,37.8085564,-25.4731374,"[36.9276305, 39.726184, -31.2688154, -25.0131792]",17.50673258223673
Baleares,Balearic Islands (Spain),"boundary=administrative, admin_level=4",https://nominatim.openstreetmap.org/search?country=Spain&state=Balearic%20Islands&format=json&limit=1,39.613432,2.8829185,"[38.6404498, 40.0945867, 1.1572738, 4.328026]",4.610707774776186
Baltic States,"Estonia, Latvia, Lithuania",place=region,https://nominatim.openstreetmap.org/search?q=Baltic%20States&format=json&limit=1,56.917329,24.2258006,"[53.8967893, 59.9383333, 20.6009852, 28.2414937]",46.160468285123955
Belarus,Republic of Belarus,"boundary=administrative, admin_level=2",https://nominatim.openstreetmap.org/search?country=Belarus&format=json&limit=1,53.4250605,27.6971358,"[51.2626864, 56.1722484, 23.1783313, 32.7627809]",47.05544954707523
Belgium,Kingdom of Belgium,"boundary=administrative, admin_level=2",https://nominatim.openstreetmap.org/search?country=Belgium&format=json&limit=1,50.6402809,4.6667145,"[49.4969821, 51.550781, 2.3889137, 6.408097]",8.254594240438385
Bolivia,Plurinational State of Bolivia,"boundary=administrative, admin_level=2",https://nominatim.openstreetmap.org/search?country=Bolivia&format=json&limit=1,-17.0568696,-64.9912286,"[-22.8982742, -9.6689438, -69.6450073, -57.453]",161.29209281091192
Brazil South,Southern Region of Brazil,place=region,https://nominatim.openstreetmap.org/search?q=Southern+Brazil&format=json&limit=1,-25.429722,-49.271944,"[-33.795067,-22.439534,-57.647478,-48.068355]",108.725
British Columbia,Province of British Columbia (Canada),"boundary=administrative, admin_level=4",https://nominatim.openstreetmap.org/search?country=Canada&state=British+Columbia&format=json&limit=1,55.001251,-125.002441,"[48.2245556, 60.0020692, -139.0613278, -114.0541379]",294.52251914503245
Bulgaria,Republic of Bulgaria,"boundary=administrative, admin_level=2",https://nominatim.openstreetmap.org/search?country=Bulgaria&format=json&limit=1,42.6073975,25.4856617,"[41.2353678, 44.2162232, 22.3571459, 28.8875409]",19.466163199883027
Buryatiya,Republic of Buryatia (Russia),"boundary=administrative, admin_level=4",https://nominatim.openstreetmap.org/search?q=Republic+of+Buryatia+Russia&format=json&limit=1,52.7182426,109.492143,"[49.9697792, 57.24988, 98.6299185, 116.9217303]",133.16623371862937
California,State of California (USA),"boundary=administrative, admin_level=4",https://nominatim.openstreetmap.org/search?country=USA&state=California&format=json&limit=1,36.7014631,-118.755997,"[32.5295236, 42.009499, -124.482003, -114.1307816]",98.12932423195356
Canary Is.,Canary Islands (Spain),"boundary=administrative, admin_level=4",https://nominatim.openstreetmap.org/search?country=Spain&state=Canary+Islands&format=json&limit=1,28.2935785,-16.6214471,"[27.6377389, 29.4160647, -18.1611809, -13.3320145]",8.58783120161313
Cape Provinces,Cape Provinces (South Africa),place=region,https://nominatim.openstreetmap.org/search?q=Cape+Provinces+South+Africa&format=json&limit=1,-29.630280,23.436981,"[-34.697350, -24.563210, 14.658568, 32.215394]",177.885
Central European Russia,Central European Russia,place=region,https://nominatim.openstreetmap.org/search?q=Central+European+Russia&format=json&limit=1,61.503938,57.058553,"[53.831649, 69.176226, 40.258251, 73.858855]",515.614
Chad,Republic of Chad,"boundary=administrative, admin_level=2",https://nominatim.openstreetmap.org/search?country=Chad&format=json&limit=1,15.6134137,19.0156172,"[7.44107, 23.4507957, 13.47348, 24.0]",168.526697775564
Chile Central,Central Chile,place=region,https://nominatim.openstreetmap.org/search?q=Central+Chile&format=json&limit=1,-34.608588,-71.999416,"[-40.169798, -29.047378, -72.814374, -71.184458]",18.132
Chile North,Northern Chile,place=region,https://nominatim.openstreetmap.org/search?q=Northern+Chile&format=json&limit=1,-26.023556,-70.484656,"[-34.040519, -18.006594, -71.18778, -69.781532]",22.540
Chile South,Southern Chile,place=region,https://nominatim.openstreetmap.org/search?q=Southern+Chile&format=json&limit=1,-65.9,-52.466,"[-56.137386, -33.568710, -75.670205, -71.363564]",738.437
China North-Central,North-Central China,place=region,https://nominatim.openstreetmap.org/search?q=North-Central+China&format=json&limit=1,43.902709,109.173752,"[34.282698, 53.522719, 94.496018, 123.851486]",564.887
China South-Central,South-Central China,place=region,https://nominatim.openstreetmap.org/search?q=South-Central+China&format=json&limit=1,27.287493,110.931803,"[18.197064, 36.377921, 104.672375, 117.191232]",227.679
Chita,Zabaykalsky Krai (Russia),"boundary=administrative, admin_level=4",https://nominatim.openstreetmap.org/search?q=Zabaykalsky+Krai+Russia&format=json&limit=1,52.248521,115.956325,"[49.1542, 58.4373932, 107.7342132, 122.1458196]",133.78572653355644
Colombia,Republic of Colombia,"boundary=administrative, admin_level=2",https://nominatim.openstreetmap.org/search?country=Colombia&format=json&limit=1,4.099917,-72.9088133,"[-4.2294028, 16.0495518, -82.1243611, -66.8511118]",309.72552914918185
Colorado,State of Colorado (USA),"boundary=administrative, admin_level=4",https://nominatim.openstreetmap.org/search?country=USA&state=Colorado&format=json&limit=1,38.7251776,-105.607716,"[36.9925245, 41.0034002, -109.0601879, -102.041585]",28.150743819559548
Connecticut,State of Connecticut (USA),"boundary=administrative, admin_level=4",https://nominatim.openstreetmap.org/search?country=USA&state=Connecticut&format=json&limit=1,41.6500201,-72.7342163,"[40.950983, 42.0505827, -73.727811, -71.787239]",2.133852389028401
Corse,Corsica (France),"boundary=administrative, admin_level=4",https://nominatim.openstreetmap.org/search?country=France&state=Corsica&format=json&limit=1,42.1880896,9.0684138,"[41.333191, 43.0277079, 8.534717, 9.5600125]",1.7373805522439512
Cuba,Republic of Cuba,"boundary=administrative, admin_level=2",https://nominatim.openstreetmap.org/search?country=Cuba&format=json&limit=1,23.0131338,-80.8328748,"[19.6275294, 23.4816972, -85.1679702, -73.9190004]",43.35541718633242
Cyprus,Republic of Cyprus,"boundary=administrative, admin_level=2",https://nominatim.openstreetmap.org/search?country=Cyprus&format=json&limit=1,34.9823018,33.1451285,"[34.4383706, 35.913252, 32.0227581, 34.8553182]",4.177690205872146
Czechia-Slovakia,Czech Republic and Slovakia,place=region,https://nominatim.openstreetmap.org/search?q=Czech+Republic+and+Slovakia&format=json&limit=1,49.408048,17.127141,"[47.797862, 51.018234, 11.852035, 22.402247]",33.981
DR Congo,Democratic Republic of the Congo,"boundary=administrative, admin_level=2",https://nominatim.openstreetmap.org/search?country=Democratic+Republic+of+the+Congo&format=json&limit=1,-2.9814344,23.8222636,"[-13.459035, 5.3920026, 12.039074, 31.3056758]",363.19543495602767
Delaware,State of Delaware (USA),"boundary=administrative, admin_level=4",https://nominatim.openstreetmap.org/search?country=USA&state=Delaware&format=json&limit=1,38.6920451,-75.4013315,"[38.4511785, 39.8395147, -75.7890215, -74.9849355]",1.1163417017132011
Denmark,Kingdom of Denmark,"boundary=administrative, admin_level=2",https://nominatim.openstreetmap.org/search?country=Denmark&format=json&limit=1,55.670249,10.3333283,"[54.4516667, 57.9524297, 7.7153255, 15.5530641]",27.43806529455185
District of Columbia,District of Columbia (USA),"boundary=administrative, admin_level=4",https://nominatim.openstreetmap.org/search?country=USA&state=District+of+Columbia&format=json&limit=1,38.8938474,-76.9880428,"[38.7916303, 38.995968, -77.1197949, -76.909366]",0.042998557439528545
Dominican Republic,Dominican Republic,"boundary=administrative, admin_level=2",https://nominatim.openstreetmap.org/search?country=Dominican+Republic&format=json&limit=1,19.0974031,-70.3028026,"[17.2701708, 21.2928771, -72.0696319, -68.1101463]",15.927847667879309
East Aegean Is.,East Aegean Islands (Greece),place=island_group,https://nominatim.openstreetmap.org/search?q=East+Aegean+Islands+Greece&format=json&limit=1,38.835393,25.983494,"[37.484037, 40.186748, 24.740432, 27.226556]",6.717
East European Russia,Eastern European Russia,place=region,https://nominatim.openstreetmap.org/search?q=East+European+Russia&format=json&limit=1,34.410,66.5040,"[41.150437, 70.038143, 27.669852, 62.969947]",95.282
Ecuador,Republic of Ecuador,"boundary=administrative, admin_level=2",https://nominatim.openstreetmap.org/search?country=Ecuador&format=json&limit=1,-1.3397668,-79.3666965,"[-5.0159314, 1.8835964, -92.2072392, -75.192504]",117.3936385220386
Egypt,Arab Republic of Egypt,"boundary=administrative, admin_level=2",https://nominatim.openstreetmap.org/search?country=Egypt&format=json&limit=1,26.2540493,29.2675469,"[21.9936736, 31.8330854, 24.6499112, 37.1153517]",122.65260234789791
Ethiopia,Federal Democratic Republic of Ethiopia,"boundary=administrative, admin_level=2",https://nominatim.openstreetmap.org/search?country=Ethiopia&format=json&limit=1,10.2116702,38.6521203,"[3.397448, 14.8943383, 32.9975838, 47.9823797]",172.2785546301898
Finland,Republic of Finland,"boundary=administrative, admin_level=2",https://nominatim.openstreetmap.org/search?country=Finland&format=json&limit=1,63.2467777,25.9209164,"[59.4541578, 70.092293, 19.0832, 31.5867071]",133.01399900395992
Florida,State of Florida (USA),"boundary=administrative, admin_level=4",https://nominatim.openstreetmap.org/search?country=USA&state=Florida&format=json&limit=1,27.7567667,-81.4639835,"[24.396308, 31.000762, -87.634896, -79.974306]",50.59401426786
France,Metropolitan France,"place=region",https://nominatim.openstreetmap.org/search?q=Metropolitan+France&format=json&limit=1,46.8192742,1.8746201,"[41.2611155, 51.3055721, -5.4517733, 9.8282225]",153.465
Georgia,State of Georgia (USA),"boundary=administrative, admin_level=4",https://nominatim.openstreetmap.org/search?country=USA&state=Georgia&format=json&limit=1,32.3293809,-83.1137366,"[30.3556558, 35.0006769, -85.605165, -80.751429]", 22.545706133829594
Germany,Federal Republic of Germany,"boundary=administrative, admin_level=2",https://nominatim.openstreetmap.org/search?country=Germany&format=json&limit=1,51.1638175,10.4478313,"[47.2701114, 55.099161, 5.8663153, 15.0419309]",71.83634964293381
Great Britain,Great Britain (United Kingdom),place=region,https://nominatim.openstreetmap.org/search?q=Great+Britain&format=json&limit=1,54.3151594,-1.9181532,"[49.9586992, 58.672078, -6.2278849, 1.7632199]",69.62952315289826
Greece,Hellenic Republic (Greece),"boundary=administrative, admin_level=2",https://nominatim.openstreetmap.org/search?country=Greece&format=json&limit=1,38.9953683,21.9877132,"[34.7188863, 41.7488889, 19.1127535, 29.68381]",74.31455467974686
Guatemala,Republic of Guatemala,"boundary=administrative, admin_level=2",https://nominatim.openstreetmap.org/search?country=Guatemala&format=json&limit=1,15.5855545,-90.345759,"[13.563429, 17.8165947, -92.3648725, -88.2134425]",17.65671968195102
Haiti,Republic of Haiti,"boundary=administrative, admin_level=2",https://nominatim.openstreetmap.org/search?country=Haiti&format=json&limit=1,19.1399952,-72.3570972,"[17.820859, 20.2911852, -75.2384618, -71.6217461]",8.93446755166135
Hawaii,State of Hawaii (USA),"boundary=administrative, admin_level=4",https://nominatim.openstreetmap.org/search?country=USA&state=Hawaii&format=json&limit=1,19.5938015,-155.4283701,"[18.86546, 28.517269, -178.443593, -154.755792]",228.63013088200879
Hungary,Hungary,"boundary=administrative, admin_level=2",https://nominatim.openstreetmap.org/search?country=Hungary&format=json&limit=1,47.1817585,19.5060937,"[45.737128, 48.585257, 16.1138866, 22.8977094]",19.3212024475412
Idaho,State of Idaho (USA),"boundary=administrative, admin_level=4",https://nominatim.openstreetmap.org/search?country=USA&state=Idaho&format=json&limit=1,43.6447642,-114.015407,"[41.9888339, 49.0008447, -117.2430324, -111.043564]",43.47073937505872
Illinois,State of Illinois (USA),"boundary=administrative, admin_level=4",https://nominatim.openstreetmap.org/search?country=USA&state=Illinois&format=json&limit=1,40.0796606,-89.4337288,"[36.9701313, 42.5083736, -91.5130518, -87.0199244]",24.884028225969054
Indiana,State of Indiana (USA),"boundary=administrative, admin_level=4",https://nominatim.openstreetmap.org/search?country=USA&state=Indiana&format=json&limit=1,40.3270127,-86.1746933,"[37.7716793, 41.761368, -88.0972043, -84.784609]",13.216224036083085
Inner Mongolia,Inner Mongolia Autonomous Region (China),"boundary=administrative, admin_level=4",https://nominatim.openstreetmap.org/search?q=Inner+Mongolia+China&format=json&limit=1,43.2443242,114.3251664,"[37.4067101, 53.3340564, 97.2694839, 125.3272934]",446.88644832593
Iowa,State of Iowa (USA),"boundary=administrative, admin_level=4",https://nominatim.openstreetmap.org/search?country=USA&state=Iowa&format=json&limit=1,41.9216734,-93.3122705,"[40.3756007, 43.5011589, -96.6397162, -90.140061]",20.31505060753262
Iran,Islamic Republic of Iran,"boundary=administrative, admin_level=2",https://nominatim.openstreetmap.org/search?country=Iran&format=json&limit=1,32.6475314,54.5643516,"[24.8353084, 39.7824624, 44.0318908, 63.3332704]",288.50069329365846
Iraq,Republic of Iraq,"boundary=administrative, admin_level=2",https://nominatim.openstreetmap.org/search?country=Iraq&format=json&limit=1,33.0955793,44.1749775,"[29.0585661, 37.3806687, 38.7926388, 49.1067706]",85.83526306952268
Ireland,Republic of Ireland,"boundary=administrative, admin_level=2",https://nominatim.openstreetmap.org/search?country=Ireland&format=json&limit=1,52.865196,-7.9794599,"[51.222, 55.636, -11.0133788, -5.6582363]",23.637598995000005
Irkutsk,Irkutsk Oblast (Russia),"boundary=administrative, admin_level=4",https://nominatim.openstreetmap.org/search?q=Irkutsk+Russia&format=json&limit=1,52.2891225,104.279829,"[52.2092298, 52.4216704, 104.0589181, 104.4484665]",0.08275589582503654
Italy,Italian Republic,"boundary=administrative, admin_level=2",https://nominatim.openstreetmap.org/search?country=Italy&format=json&limit=1,42.6384261,12.674297,"[35.2889616, 47.0921485, 6.6272658, 18.7844746]",143.49380764872473
Japan,Japan,"boundary=administrative, admin_level=2",https://nominatim.openstreetmap.org/search?country=Japan&format=json&limit=1,36.5748441,139.2394179,"[20.2145811, 45.7112046, 122.7141754, 154.205541]",802.9234922040519
Juan Fernández Is.,Juan Fernández Islands (Chile),place=island_group,https://nominatim.openstreetmap.org/search?q=Juan+Fernandez+Islands+Chile&format=json&limit=1,-33.6444501,-78.8262238,"[-33.8163081, -33.6054875, -80.8377591, -78.7696982]",0.4359898397745374
Kansas,State of Kansas (USA),"boundary=administrative, admin_level=4",https://nominatim.openstreetmap.org/search?country=USA&state=Kansas&format=json&limit=1,38.27312,-98.5821872,"[36.9930715, 40.0032291, -102.0517919, -94.5882049]",22.466573131311208
Kazakhstan,Republic of Kazakhstan,"boundary=administrative, admin_level=2",https://nominatim.openstreetmap.org/search?country=Kazakhstan&format=json&limit=1,48.1012954,66.7780818,"[40.5686902, 55.4421701, 46.4932179, 87.3156336]",607.1713793833944
Kentucky,State of Kentucky (USA),"boundary=administrative, admin_level=4",https://nominatim.openstreetmap.org/search?country=USA&state=Kentucky&format=json&limit=1,37.5726028,-85.1551411,"[36.497118, 39.1477997, -89.571509, -81.9645413]",20.163650074881122
Kenya,Republic of Kenya,"boundary=administrative, admin_level=2",https://nominatim.openstreetmap.org/search?country=Kenya&format=json&limit=1,1.4419683,38.4313975,"[-4.8995204, 4.62, 33.9096888, 41.9067502]",76.12818913735256
Khabarovsk,Khabarovsk Krai (Russia),"boundary=administrative, admin_level=4",https://nominatim.openstreetmap.org/search?q=Khabarovsk+Krai+Russia&format=json&limit=1,51.6312684,136.121524,"[46.6388444, 62.5317458, 130.3867416, 147.2167891]",267.4782854748166
Kirgizstan,Kyrgyz Republic (Kyrgyzstan),"boundary=administrative, admin_level=2",https://nominatim.openstreetmap.org/search?country=Kyrgyzstan&format=json&limit=1,41.5089324,74.724091,"[39.1727382, 43.2669041, 69.2649523, 80.2295793]",44.891001969619275
Korea,Korean Peninsula,place=region,https://nominatim.openstreetmap.org/search?q=Korean+Peninsula&format=json&limit=1,36.9906346,128.11964,"[34.2922746, 39.6888455, 124.6501561, 129.5847177]",26.629711534817414
Krasnoyarsk,Krasnoyarsk Krai (Russia),"boundary=administrative, admin_level=4",https://nominatim.openstreetmap.org/search?q=Krasnoyarsk+Krai+Russia&format=json&limit=1,63.3233807,97.0979974,"[51.7722574, 81.4741807, 74.9868506, 114.7396289]",1180.7339720285047
Kriti,Crete (Greece),"boundary=administrative, admin_level=4",https://nominatim.openstreetmap.org/search?q=Crete+Greece&format=json&limit=1,35.3084952,24.4633423,"[34.9212109, 35.6957793, 23.5144812, 26.3189698]",2.172268247720241
Krym,Crimea (Disputed),boundary=administrative,https://nominatim.openstreetmap.org/search?q=Crimea&format=json&limit=1,45.2835044,34.2008188,"[44.3864121, 46.1805878, 32.4797502, 36.6470475]",7.476863550335598
Kuril Is.,Kuril Islands,place=island_group,https://nominatim.openstreetmap.org/search?q=Kuril+Islands&format=json&limit=1,50.3840378,155.8322143,"[43.3390729, 50.9230537, 145.3986615, 156.513631]",84.2957152805856
Lebanon-Syria,Lebanon and Syria,place=region,https://nominatim.openstreetmap.org/search?q=Lebanon+Syria&format=json&limit=1,34.796,38.7363,"[32.278750, 37.314628, 35.077942, 42.394726]",36.848
Libya,State of Libya,"boundary=administrative, admin_level=2",https://nominatim.openstreetmap.org/search?country=Libya&format=json&limit=1,26.8234472,18.1236723,"[19.4999907, 33.3545898, 9.391081, 25.3770629]",221.47937044435625
Louisiana,State of Louisiana (USA),"boundary=administrative, admin_level=4",https://nominatim.openstreetmap.org/search?country=USA&state=Louisiana&format=json&limit=1,30.8703881,-92.007126,"[28.8542892, 33.0195943, -94.0431869, -88.758331]",22.01303723303508
Madeira,Autonomous Region of Madeira (Portugal),"boundary=administrative, admin_level=4",https://nominatim.openstreetmap.org/search?q=Madeira+Portugal&format=json&limit=1,32.7517501,-16.9817487,"[30.0287836, 33.1281603, -17.2659253, -15.8536718]",4.377105592393441
Maine,State of Maine (USA),"boundary=administrative, admin_level=4",https://nominatim.openstreetmap.org/search?country=USA&state=Maine&format=json&limit=1,45.709097,-68.8590201,"[42.9222206, 47.4598397, -71.0841694, -66.8854053]",19.05239217655427
Malawi,Republic of Malawi,"boundary=administrative, admin_level=2",https://nominatim.openstreetmap.org/search?country=Malawi&format=json&limit=1,-13.2687204,33.9301963,"[-17.1296031, -9.368301, 32.6718589, 35.9185731]",25.198729738559873
Manchuria,Manchuria (Northeast China),place=region,https://nominatim.openstreetmap.org/search?q=Manchuria+China&format=json&limit=1,45.965277,126.756667,"[38.3719142, 53.5608154, 115.5203698, 134.7754563]",292.4636064459539
Manitoba,Province of Manitoba (Canada),"boundary=administrative, admin_level=4",https://nominatim.openstreetmap.org/search?country=Canada&state=Manitoba&format=json&limit=1,55.001251,-97.001038,"[48.9988611, 59.9995106, -102.0075806, -88.9865273]",143.24004347411827
Maryland,State of Maryland (USA),"boundary=administrative, admin_level=4",https://nominatim.openstreetmap.org/search?country=USA&state=Maryland&format=json&limit=1,39.5162401,-76.9382069,"[37.8865288, 39.7230286, -79.4873055, -74.9852049]",8.268106851479883
Massachusetts,State of Massachusetts (USA),"boundary=administrative, admin_level=4",https://nominatim.openstreetmap.org/search?country=USA&state=Massachusetts&format=json&limit=1,42.3788774,-72.032366,"[41.1888589, 42.8867783, -73.5082102, -69.8601042]",6.19418995065641
Mexico Central,Central Mexico,place=region,https://nominatim.openstreetmap.org/search?q=Central+Mexico&format=json&limit=1,21.719038,-101.985413,"[18.888322, 24.549754, -107.990349, -95.980477]",67.996
Mexico Gulf,Gulf Region of Mexico,place=region,https://nominatim.openstreetmap.org/search?q=Gulf+of+Mexico&format=json&limit=1,25.2834459,-89.9066163,"[18.096294, 30.659626, -97.716802, -80.866027]",211.811
Mexico Northeast,Northeast Mexico,place=region,https://nominatim.openstreetmap.org/search?q=Northeast+Mexico&format=json&limit=1,26.001873,-100.839783,"[21.860008, 30.143738, -104.529689, -97.149877]",8.283730
Mexico Northwest,Northwest Mexico,place=region,https://nominatim.openstreetmap.org/search?q=Northwest+Mexico&format=json&limit=1,35.1408369,-107.8164843,"[20.631281, 32.471340, -116.878321, -103.870509]",6.895017779968576e-06
Mexico Southeast,Southeast Mexico,place=region,https://nominatim.openstreetmap.org/search?q=Southeast+Mexico&format=json&limit=1,17.940673,-92.928127,"[14.347992, 21.533353, -98.992580, -86.863674]",87.198
Mexico Southwest,Southwest Mexico,place=region,https://nominatim.openstreetmap.org/search?q=Southwest+Mexico&format=json&limit=1,17.388,-101.849,"[14.475679, 20.301911, -105.804103, -97.893947]",46.112
Michigan,State of Michigan (USA),"boundary=administrative, admin_level=4",https://nominatim.openstreetmap.org/search?country=USA&state=Michigan&format=json&limit=1,43.6211955,-84.6824346,"[41.6961278, 48.306063, -90.4186202, -82.1228056]",54.83479693721394
Minnesota,State of Minnesota (USA),"boundary=administrative, admin_level=4",https://nominatim.openstreetmap.org/search?country=USA&state=Minnesota&format=json&limit=1,45.9896587,-94.6113288,"[43.4994288, 49.3844722, -97.2392619, -89.483385]",45.64367216155749
Mississippi,State of Mississippi (USA),"boundary=administrative, admin_level=4",https://nominatim.openstreetmap.org/search?country=USA&state=Mississippi&format=json&limit=1,32.9715285,-89.7348497,"[30.1436769, 34.9960168, -91.655009, -88.0977945]",17.260813851208553
Missouri,State of Missouri (USA),"boundary=administrative, admin_level=4",https://nominatim.openstreetmap.org/search?country=USA&state=Missouri&format=json&limit=1,38.7604815,-92.5617875,"[35.9957227, 40.6136347, -95.7741441, -89.098843]",30.825953053303174
Mongolia,Mongolia,"boundary=administrative, admin_level=2",https://nominatim.openstreetmap.org/search?country=Mongolia&format=json&limit=1,46.8250388,103.8499736,"[41.5800276, 52.1496, 87.7345852, 119.9322079]",340.3151042355334
Montana,State of Montana (USA),"boundary=administrative, admin_level=4",https://nominatim.openstreetmap.org/search?country=USA&state=Montana&format=json&limit=1,47.3752671,-109.638757,"[44.357915, 49.0011094, -116.0492317, -104.039563]",55.76322645369529
Morocco,Kingdom of Morocco,"boundary=administrative, admin_level=2",https://nominatim.openstreetmap.org/search?country=Morocco&format=json&limit=1,31.1728205,-7.3362482,"[21.333462, 36.0021392, -17.2448353, -0.998429]",238.31328967474633
NW. Balkan Pen.,Northwestern Balkan Peninsula,place=region,https://nominatim.openstreetmap.org/search?q=Northwestern+Balkan+Peninsula&format=json&limit=1,43.575574,17.424250,"[40.800861, 46.350286, 13.710871, 21.137628]",41.185
Nebraska,State of Nebraska (USA),"boundary=administrative, admin_level=4",https://nominatim.openstreetmap.org/search?country=USA&state=Nebraska&format=json&limit=1,41.7370229,-99.5873816,"[39.9999776, 43.0014799, -104.0533724, -95.3080545]",26.249091791081167
Netherlands,European Netherlands,"place=region",https://nominatim.openstreetmap.org/search?q=European+Netherlands&format=json&limit=1,52.2476498,5.5412468,"[50.7503658, 53.744395, 3.0801610, 7.2274985]",12.416
Nevada,State of Nevada (USA),"boundary=administrative, admin_level=4",https://nominatim.openstreetmap.org/search?country=USA&state=Nevada&format=json&limit=1,39.5158825,-116.853722,"[35.0018894, 42.00038, -120.0065184, -114.0402955]",41.75455488315476
New Brunswick,Province of New Brunswick (Canada),"boundary=administrative, admin_level=4",https://nominatim.openstreetmap.org/search?country=Canada&state=New+Brunswick&format=json&limit=1,46.500283,-66.750183,"[44.2836704, 48.2206848, -69.0534663, -63.328871]",22.537814130272324
New Hampshire,State of New Hampshire (USA),"boundary=administrative, admin_level=4",https://nominatim.openstreetmap.org/search?country=USA&state=New+Hampshire&format=json&limit=1,43.4849133,-71.6553992,"[42.6972286, 45.3057789, -72.5572359, -70.5613593]",5.206344503692945
New Jersey,State of New Jersey (USA),"boundary=administrative, admin_level=4",https://nominatim.openstreetmap.org/search?country=USA&state=New+Jersey&format=json&limit=1,40.0757384,-74.4041622,"[38.7911303, 41.3574523, -75.563386, -73.893628]",4.285136690075967
New Mexico,State of New Mexico (USA),"boundary=administrative, admin_level=4",https://nominatim.openstreetmap.org/search?country=USA&state=New+Mexico&format=json&limit=1,34.5802074,-105.996047,"[31.3322006, 37.0001788, -109.0502229, -103.0022266]",34.27991118208063
New South Wales,State of New South Wales (Australia),"boundary=administrative, admin_level=4",https://nominatim.openstreetmap.org/search?country=Australia&state=New+South+Wales&format=json&limit=1,-31.8759835,147.2869493,"[-37.5280139, -28.1415262, 140.9992723, 159.3390311]",172.1459203971667
New York,State of New York (USA),"boundary=administrative, admin_level=4",https://nominatim.openstreetmap.org/search?country=USA&state=New+York&format=json&limit=1,43.1561681,-75.8449946,"[40.476578, 45.0158611, -79.7619758, -71.790972]",36.182642839375795
New Zealand North,North Island (New Zealand),place=island,https://nominatim.openstreetmap.org/search?q=North+Island+New+Zealand&format=json&limit=1,-38.0035304,175.957821,"[-41.6137504, -34.3933949, 172.6430233, 178.5505013]",42.654091268429006
Newfoundland,Province of Newfoundland and Labrador (Canada),"boundary=administrative, admin_level=4",https://nominatim.openstreetmap.org/search?country=Canada&state=Newfoundland+and+Labrador&format=json&limit=1,53.8217327,-61.2295532,"[46.4101865, 60.4770255, -67.8216853, -52.3237664]",218.00673000135714
Norfolk Is.,Norfolk Island (Australia),"boundary=administrative, admin_level=4",https://nominatim.openstreetmap.org/search?q=Norfolk+Island+Australia&format=json&limit=1,-29.0328038,167.9483137,"[-29.3370694, -28.7936626, 167.6856728, 168.2261259]",0.293685889621084
North Carolina,State of North Carolina (USA),"boundary=administrative, admin_level=4",https://nominatim.openstreetmap.org/search?country=USA&state=North+Carolina&format=json&limit=1,35.6729639,-79.0392919,"[33.752878, 36.588157, -84.3218293, -75.400119]",25.2955378576737
North Caucasus,North Caucasus Region,place=region,https://nominatim.openstreetmap.org/search?q=North+Caucasus&format=json&limit=1,44.495884,43.190318,"[40.291323, 48.700444, 37.147838, 49.232798]",101.638
North Dakota,State of North Dakota (USA),"boundary=administrative, admin_level=4",https://nominatim.openstreetmap.org/search?country=USA&state=North+Dakota&format=json&limit=1,47.6201461,-100.540737,"[45.935054, 49.0005765, -104.048949, -96.5543975]",22.97471625065875
North European Russia,Northern European Russia,place=region,https://nominatim.openstreetmap.org/search?q=North+European+Russia&format=json&limit=1,65.875239,62.509215,"[62.203132, 69.547345, 43.876403, 81.142026]",273.625
Northern Territory,Northern Territory (Australia),"boundary=administrative, admin_level=4",https://nominatim.openstreetmap.org/search?country=Australia&state=Northern+Territory&format=json&limit=1,-19.8516101,133.2303375,"[-25.99862, -10.8524628, 129.0004454, 138.0273711]",136.72323568492035
Northwest European Russia,Northwestern European Russia,place=region,https://nominatim.openstreetmap.org/search?q=Northwest+European+Russia&format=json&limit=1,65.549901,40.408353,"[60.786256, 70.313545, 28.754356, 52.062350]",222.193
Norway,Kingdom of Norway,"boundary=administrative, admin_level=2",https://nominatim.openstreetmap.org/search?country=Norway&format=json&limit=1,61.1529386,8.7876653,"[58.837321, 81.0280176, -9.6846279, 27.475699]",824.901
Nova Scotia,Province of Nova Scotia (Canada),"boundary=administrative, admin_level=4",https://nominatim.openstreetmap.org/search?country=Canada&state=Nova+Scotia&format=json&limit=1,45.1960403,-63.1653789,"[43.1881572, 47.7610742, -66.680717, -59.2887119]",33.80302578587672
Ohio,State of Ohio (USA),"boundary=administrative, admin_level=4",https://nominatim.openstreetmap.org/search?country=USA&state=Ohio&format=json&limit=1,40.2253569,-82.6881395,"[38.4031419, 42.3246919, -84.8203361, -80.5189601]",16.8680610528
Oklahoma,State of Oklahoma (USA),"boundary=administrative, admin_level=4",https://nominatim.openstreetmap.org/search?country=USA&state=Oklahoma&format=json&limit=1,34.9550817,-97.2684063,"[33.6191533, 37.0022994, -103.0024413, -94.4312145]",28.997712520635478
Ontario,Province of Ontario (Canada),"boundary=administrative, admin_level=4",https://nominatim.openstreetmap.org/search?country=Canada&state=Ontario&format=json&limit=1,50.000678,-86.000977,"[41.6765597, 56.8613501, -95.1560176, -74.3201062]",316.38894740197065
Oregon,State of Oregon (USA),"boundary=administrative, admin_level=4",https://nominatim.openstreetmap.org/search?country=USA&state=Oregon&format=json&limit=1,43.9792797,-120.737257,"[41.991794, 46.2923948, -124.703541, -116.4631465]",35.43864717901562
Pakistan,Islamic Republic of Pakistan,"boundary=administrative, admin_level=2",https://nominatim.openstreetmap.org/search?country=Pakistan&format=json&limit=1,30.3308401,71.247499,"[23.4341977, 37.084107, 60.872855, 77.1203914]",221.7773982084486
Palestine,State of Palestine,"boundary=administrative, admin_level=2",https://nominatim.openstreetmap.org/search?country=Palestine&format=json&limit=1,31.4624210,34.2627215,"[31.2201289, 32.5489422, 34.0546906, 35.5403583]",1.973
Pennsylvania,State of Pennsylvania (USA),"boundary=administrative, admin_level=4",https://nominatim.openstreetmap.org/search?country=USA&state=Pennsylvania&format=json&limit=1,40.9699889,-77.7278831,"[39.7197662, 42.5161334, -80.5210906, -74.689672]",16.30678770250989
Peru,Republic of Peru,"boundary=administrative, admin_level=2",https://nominatim.openstreetmap.org/search?country=Peru&format=json&limit=1,-6.8699697,-75.0458515,"[-20.1984472, -0.0392818, -84.6356535, -68.6519906]",322.2173040989436
Poland,Republic of Poland,"boundary=administrative, admin_level=2",https://nominatim.openstreetmap.org/search?country=Poland&format=json&limit=1,52.215933,19.134422,"[49.0020468, 55.03605, 14.0696389, 24.145783]",60.79948574306114
Portugal,Portuguese Republic,"boundary=administrative, admin_level=2",https://nominatim.openstreetmap.org/search?country=Portugal&format=json&limit=1,39.6621648,-8.1353519,"[29.828247, 42.1543112, -31.5575303, -6.1891593]",312.69216959541825
Primorye,Primorsky Krai (Russia),"boundary=administrative, admin_level=4",https://nominatim.openstreetmap.org/search?q=Primorsky+Krai+Russia&format=json&limit=1,45.0819456,134.726645,"[42.1227116, 48.4652417, 130.39465, 139.3093931]",56.54202644551717
Prince Edward I.,Prince Edward Island (Canada),"boundary=administrative, admin_level=4",https://nominatim.openstreetmap.org/search?country=Canada&state=Prince+Edward+Island&format=json&limit=1,46.3355508,-63.1466676,"[45.8494597, 47.6024791, -64.5519125, -61.3993669]",5.526473596184644
Qinghai,Qinghai Province (China),"boundary=administrative, admin_level=4",https://nominatim.openstreetmap.org/search?q=Qinghai+China&format=json&limit=1,36.0,96.0,"[31.6018045, 39.2142318, 89.4022166, 103.0694065]",104.04048950904425
Queensland,State of Queensland (Australia),"boundary=administrative, admin_level=4",https://nominatim.openstreetmap.org/search?country=Australia&state=Queensland&format=json&limit=1,-22.1646782,144.5844903,"[-29.179266, -9.0880125, 137.9946464, 153.6116035]",313.764243994725
Québec,Province of Québec (Canada),"boundary=administrative, admin_level=4",https://nominatim.openstreetmap.org/search?country=Canada&state=Quebec&format=json&limit=1,52.4760892,-71.8258668,"[44.9913689, 62.5824657, -79.7628726, -57.1074889]",398.5330477078421
Rhode I.,State of Rhode Island (USA),"boundary=administrative, admin_level=4",https://nominatim.openstreetmap.org/search?country=USA&state=Rhode+Island&format=json&limit=1,41.7962409,-71.5992372,"[41.095834, 42.0189359, -71.907431, -71.088571]",0.7558912218339998
Romania,Romania,"boundary=administrative, admin_level=2",https://nominatim.openstreetmap.org/search?country=Romania&format=json&limit=1,45.9852129,24.6859225,"[43.6188114, 48.2654738, 20.2619955, 30.0454257]",45.46029725336451
Rwanda,Republic of Rwanda,"boundary=administrative, admin_level=2",https://nominatim.openstreetmap.org/search?country=Rwanda&format=json&limit=1,-1.9646631,30.0644358,"[-2.8397643, -1.0474083, 28.861696, 30.8990738]",3.651706324096803
Sakhalin,Sakhalin Oblast (Russia),"boundary=administrative, admin_level=4",https://nominatim.openstreetmap.org/search?q=Sakhalin+Russia&format=json&limit=1,50.159476,143.0264412,"[45.8926856, 54.4254514, 141.6266119, 144.7475123]",26.629912198326412
Sardegna,Sardinia (Italy),"boundary=administrative, admin_level=4",https://nominatim.openstreetmap.org/search?q=Sardinia+Italy&format=json&limit=1,40.0912813,9.0305773,"[38.8590846, 41.3131122, 8.1308446, 9.8293196]",4.168104527909994
Saskatchewan,Province of Saskatchewan (Canada),"boundary=administrative, admin_level=4",https://nominatim.openstreetmap.org/search?country=Canada&state=Saskatchewan&format=json&limit=1,55.5321257,-106.141224,"[48.9988056, 60.0000252, -110.006368, -101.3619076]",95.09960718390388
Saudi Arabia,Kingdom of Saudi Arabia,"boundary=administrative, admin_level=2",https://nominatim.openstreetmap.org/search?country=Saudi+Arabia&format=json&limit=1,25.6242618,42.3528328,"[16.29, 32.1542832, 34.4571718, 55.6666851]",336.4737255253667
Senegal,Republic of Senegal,"boundary=administrative, admin_level=2",https://nominatim.openstreetmap.org/search?country=Senegal&format=json&limit=1,14.4750607,-14.4529612,"[12.2402664, 16.6919712, -17.7498686, -11.3459503]",28.50835383491785
Sicilia,Sicily (Italy),"boundary=administrative, admin_level=4",https://nominatim.openstreetmap.org/search?q=Sicily+Italy&format=json&limit=1,37.587794,14.155048,"[35.4929521, 38.8176638, 11.9258571, 15.6530796]",12.391940254253257
Sinai,Sinai Peninsula (Egypt),place=region,https://nominatim.openstreetmap.org/search?q=Sinai+Peninsula&format=json&limit=1,29.5231696,33.8054726,"[27.7241399, 31.3233317, 32.3101801, 34.9036851]",9.334521929259001
Socotra,Socotra Island (Yemen),place=island,https://nominatim.openstreetmap.org/search?q=Socotra+Yemen&format=json&limit=1,12.5,53.833333,"[11.9084802, 12.9129924, 51.8584658, 54.7389375]",2.893468964404743
Somalia,Federal Republic of Somalia,"boundary=administrative, admin_level=2",https://nominatim.openstreetmap.org/search?country=Somalia&format=json&limit=1,8.3676771,49.083416,"[-1.8031969, 12.1889121, 40.98918, 51.6177696]",148.71638419946646
South Australia,State of South Australia (Australia),"boundary=administrative, admin_level=4",https://nominatim.openstreetmap.org/search?country=Australia&state=South+Australia&format=json&limit=1,-30.5343665,135.6301212,"[-38.1133108, -25.9963915, 129.001395, 141.0027803]",145.4198171683064
South Carolina,State of South Carolina (USA),"boundary=administrative, admin_level=4",https://nominatim.openstreetmap.org/search?country=USA&state=South+Carolina&format=json&limit=1,33.6874388,-80.4363743,"[32.033454, 35.2154852, -83.3539979, -78.5413536]",15.313984317102188
South Dakota,State of South Dakota (USA),"boundary=administrative, admin_level=4",https://nominatim.openstreetmap.org/search?country=USA&state=South+Dakota&format=json&limit=1,44.6471761,-100.348761,"[42.4798925, 45.945335, -104.0577568, -96.4363403]",26.411580649301296
South European Russia,Southern European Russia,place=region,https://nominatim.openstreetmap.org/search?q=South+European+Russia&format=json&limit=1,46.307988,43.596218,"[39.995594, 52.620381, 32.935162, 54.257273]",269.370
Spain,Kingdom of Spain,"boundary=administrative, admin_level=2",https://nominatim.openstreetmap.org/search?country=Spain&format=json&limit=1,39.3260685,-4.8379791,"[36.030904, 43.643643, -10.173499, 4.020836]",108.071
Sudan-South Sudan,Sudan and South Sudan,place=region,https://nominatim.openstreetmap.org/search?q=Sudan+South+Sudan&format=json&limit=1,7.8699431,29.6667897,"[3.48898, 12.236389, 23.447778, 35.948997]",109.353275591571
Sweden,Kingdom of Sweden,"boundary=administrative, admin_level=2",https://nominatim.openstreetmap.org/search?country=Sweden&format=json&limit=1,59.6749712,14.5208584,"[55.1370957, 69.0599735, 10.5935025, 24.1776819]",189.13086979947724
Switzerland,Swiss Confederation,"boundary=administrative, admin_level=2",https://nominatim.openstreetmap.org/search?country=Switzerland&format=json&limit=1,46.7985624,8.2319736,"[45.8179579, 47.8084544, 5.9558318, 10.4922941]",9.029812330531946
Tadzhikistan,Republic of Tajikistan,"boundary=administrative, admin_level=2",https://nominatim.openstreetmap.org/search?country=Tajikistan&format=json&limit=1,38.6281733,70.8156541,"[36.6711153, 41.0450935, 67.3332775, 75.1539563]",34.20747858040223
Tanzania,United Republic of Tanzania,"boundary=administrative, admin_level=2",https://nominatim.openstreetmap.org/search?country=Tanzania&format=json&limit=1,-6.5247123,35.7878438,"[-11.761254, -0.9854812, 29.3269773, 40.6584071]",122.10491302394941
Tasmania,State of Tasmania (Australia),"boundary=administrative, admin_level=4",https://nominatim.openstreetmap.org/search?country=Australia&state=Tasmania&format=json&limit=1,-42.035067,146.6366887,"[-55.1730541, -39.1984777, 143.748821, 159.0840828]",244.97431123810176
Tennessee,State of Tennessee (USA),"boundary=administrative, admin_level=4",https://nominatim.openstreetmap.org/search?country=USA&state=Tennessee&format=json&limit=1,35.7730076,-86.2820081,"[34.982938, 36.678118, -90.310298, -81.6472191]",14.68547808970201
Texas,State of Texas (USA),"boundary=administrative, admin_level=4",https://nominatim.openstreetmap.org/search?country=USA&state=Texas&format=json&limit=1,31.2638905,-98.5456116,"[25.83706, 36.5004529, -106.6458459, -93.5078217]",140.0959139743082
Tibet,Tibet Autonomous Region (China),"boundary=administrative, admin_level=4",https://nominatim.openstreetmap.org/search?q=Tibet+China&format=json&limit=1,31.6692025,87.473225,"[26.8547621, 36.484074, 78.3923198, 99.1155467]",199.55041539457014
Transcaucasus,Transcaucasia,place=region,https://nominatim.openstreetmap.org/search?q=Transcaucasia&format=json&limit=1,40.980118,44.966296,"[38.369781, 43.590454, 39.637927, 50.294665]",55.670
Tunisia,Republic of Tunisia,"boundary=administrative, admin_level=2",https://nominatim.openstreetmap.org/search?country=Tunisia&format=json&limit=1,33.8439408,9.400138,"[30.229061, 37.7612052, 7.5219807, 11.8801133]",32.82608318592091
Turkmenistan,Turkmenistan,"boundary=administrative, admin_level=2",https://nominatim.openstreetmap.org/search?country=Turkmenistan&format=json&limit=1,39.3763807,59.3924609,"[35.129093, 42.7996686, 52.2643526, 66.6903725]",110.65587625005438
Tuva,Tuva Republic (Russia),"boundary=administrative, admin_level=4",https://nominatim.openstreetmap.org/search?q=Tuva+Russia&format=json&limit=1,51.4017149,93.8582593,"[49.7429299, 53.7289299, 88.7920033, 99.2737021]",41.78005141679993
Türkey,Republic of Türkiye,"boundary=administrative, admin_level=2",https://nominatim.openstreetmap.org/search?country=Turkey&format=json&limit=1,39.294076,35.2316631,"[35.8058974, 42.297, 25.5656305, 44.8176638]",124.96692340891651
Türkey-in-Europe,European part of Türkiye,place=region,https://nominatim.openstreetmap.org/search?q=European+Turkey&format=json&limit=1,40.433768,28.764059,"[38.778595, 42.088941, 26.083395, 31.444723]",17.749
Uganda,Republic of Uganda,"boundary=administrative, admin_level=2",https://nominatim.openstreetmap.org/search?country=Uganda&format=json&limit=1,1.5333554,32.2166578,"[-1.4823179, 4.2340766, 29.573433, 35.000308]",31.022158402187472
Ukraine,Ukraine,"boundary=administrative, admin_level=2",https://nominatim.openstreetmap.org/search?country=Ukraine&format=json&limit=1,49.4871968,31.2718321,"[44.184598, 52.3797464, 22.137059, 40.2278093]",148.2563833758445
Uruguay,Oriental Republic of Uruguay,"boundary=administrative, admin_level=2",https://nominatim.openstreetmap.org/search?country=Uruguay&format=json&limit=1,-32.8755548,-56.0201525,"[-35.7824829, -30.0853962, -58.4947729, -53.0755833]",30.873592994938317
Utah,State of Utah (USA),"boundary=administrative, admin_level=4",https://nominatim.openstreetmap.org/search?country=USA&state=Utah&format=json&limit=1,39.4225192,-111.714358,"[36.9978085, 42.001702, -114.0528506, -109.0415767]",25.0758808949297
Uzbekistan,Republic of Uzbekistan,"boundary=administrative, admin_level=2",https://nominatim.openstreetmap.org/search?country=Uzbekistan&format=json&limit=1,41.32373,63.9528098,"[37.1816004, 45.5906784, 55.9985531, 73.2147728]",144.77253432243666
Venezuela,Bolivarian Republic of Venezuela,"boundary=administrative, admin_level=2",https://nominatim.openstreetmap.org/search?country=Venezuela&format=json&limit=1,8.0018709,-66.1109318,"[0.6473964, 15.9158431, -73.3529632, -59.7707163]",207.37981285889035
Vermont,State of Vermont (USA),"boundary=administrative, admin_level=4",https://nominatim.openstreetmap.org/search?country=USA&state=Vermont&format=json&limit=1,44.5990718,-72.5002608,"[42.72696, 45.016665, -73.43774, -71.465386]",4.516108815570033
Victoria,State of Victoria (Australia),"boundary=administrative, admin_level=4",https://nominatim.openstreetmap.org/search?country=Australia&state=Victoria&format=json&limit=1,-36.5986096,144.6780052,"[-39.1984867, -33.9807974, 140.9619017, 150.0332821]",47.331644449309735
Virginia,State of Virginia (USA),"boundary=administrative, admin_level=4",https://nominatim.openstreetmap.org/search?country=USA&state=Virginia&format=json&limit=1,37.1232245,-78.4927721,"[36.5407896, 39.466012, -83.6753671, -75.166435]",24.89051877899905
Washington,State of Washington (USA),"boundary=administrative, admin_level=4",https://nominatim.openstreetmap.org/search?country=USA&state=Washington&format=json&limit=1,47.2868352,-120.212613,"[45.5437314, 49.0024392, -124.8360916, -116.9159938]",27.39330403762286
West Himalaya,Western Himalaya,place=region,https://nominatim.openstreetmap.org/search?q=West+Himalaya&format=json&limit=1,32.975,75.25,"[30.70, 35.25, 73.50, 77.00]",15.925
West Siberia,Western Siberia (Russia),place=region,https://nominatim.openstreetmap.org/search?q=West+Siberia&format=json&limit=1,55.370266,82.581300,"[51.913506, 73.076840, 58.827025, 92.085759]",131.426
West Virginia,State of West Virginia (USA),"boundary=administrative, admin_level=4",https://nominatim.openstreetmap.org/search?country=USA&state=West+Virginia&format=json&limit=1,38.4758406,-80.8408415,"[37.2014139, 40.638801, -82.644739, -77.719029]",16.931572012340993
Western Australia,State of Western Australia (Australia),"boundary=administrative, admin_level=4",https://nominatim.openstreetmap.org/search?country=Australia&state=Western+Australia&format=json&limit=1,-25.2303005,121.0187246,"[-35.2418503, -13.5076852, 112.8656697, 129.0020486]",350.7107231287564
Wisconsin,State of Wisconsin (USA),"boundary=administrative, admin_level=4",https://nominatim.openstreetmap.org/search?country=USA&state=Wisconsin&format=json&limit=1,44.4308975,-89.6884637,"[42.4919515, 47.3025, -92.8893149, -86.249548]",31.94092070114466
Wyoming,State of Wyoming (USA),"boundary=administrative, admin_level=4",https://nominatim.openstreetmap.org/search?country=USA&state=Wyoming&format=json&limit=1,43.1700264,-107.568534,"[40.9948223, 45.0058281, -111.0552665, -104.0522528]",28.089128568179444
Xinjiang,Xinjiang Uyghur Autonomous Region (China),"boundary=administrative, admin_level=4",https://nominatim.openstreetmap.org/search?q=Xinjiang+China&format=json&limit=1,42.4804953,85.4633464,"[34.3340633, 49.1780565, 73.4997347, 96.3874094]",339.7444876106119
Yemen,Republic of Yemen,"boundary=administrative, admin_level=2",https://nominatim.openstreetmap.org/search?country=Yemen&format=json&limit=1,16.3471243,47.8915271,"[11.9084802, 19.0, 41.60825, 54.7389375]",93.1165303938625
